time,phase,voltage,trans_psi,alicat_psi,DIO0,DIO1,DIO2,DIO3,DIO4,DIO5,DIO6,DIO7,DIO8,DIO9,DIO10,DIO11,DIO12,DIO13,DIO14,DIO15,DIO16,DIO17,DIO18,DIO19
1770755078.3322227,start,0.9669160842895508,13.513837423324585,13.56,1,1,1,1,1,1,1,1,1,1,1,0,0,1,1,1,1,1,1,0
1770755078.5560527,sweep,0.9669765830039978,13.515576761364937,13.56,1,1,1,1,1,1,1,1,1,1,1,0,0,1,1,1,1,1,1,0
1770755078.5808034,sweep,0.967023491859436,13.516925390958786,13.56,1,1,1,1,1,1,1,1,1,1,1,0,0,1,1,1,1,1,1,0
1770755078.6052935,sweep,0.9667297005653381,13.508478891253471,13.56,1,1,1,1,1,1,1,1,1,1,1,0,0,1,1,1,1,1,1,0
1770755078.6296186,sweep,0.966711163520813,13.507945951223373,13.56,1,1,1,1,1,1,1,1,1,1,1,0,0,1,1,1,1,1,1,0
1770755078.654352,sweep,0.9669061899185181,13.513552960157394,13.56,1,1,1,1,1,1,1,1,1,1,1,0,0,1,1,1,1,1,1,0
1770755078.6787422,sweep,0.9675332307815552,13.531580384969711,13.56,1,1,1,1,1,1,1,1,1,1,1,0,0,1,1,1,1,1,1,0
1770755078.7034326,sweep,0.9674505591392517,13.529203575253486,13.56,1,1,1,1,1,1,1,1,1,1,1,0,0,1,1,1,1,1,1,0
1770755078.7480853,sweep,0.9662051200866699,13.49339720249176,13.56,1,1,1,1,1,1,1,1,1,1,1,0,0,1,1,1,1,1,1,0
1770755078.7725348,sweep,0.9673900604248047,13.527464237213135,13.56,1,1,1,1,1,1,1,1,1,1,1,0,0,1,1,1,1,1,1,0
1770755078.7969494,sweep,0.967048168182373,13.517634835243225,13.56,1,1,1,1,1,1,1,1,1,1,1,0,0,1,1,1,1,1,1,0
1770755078.8214574,sweep,0.9663100242614746,13.496413197517395,13.56,1,1,1,1,1,1,1,1,1,1,1,0,0,1,1,1,1,1,1,0
1770755078.8458889,sweep,0.9665667414665222,13.503793817162514,13.56,1,1,1,1,1,1,1,1,1,1,1,0,0,1,1,1,1,1,1,0
1770755078.8702736,sweep,0.9671987295150757,13.521963473558426,13.56,1,1,1,1,1,1,1,1,1,1,1,0,0,1,1,1,1,1,1,0
1770755078.895085,sweep,0.9675480723381042,13.532007079720497,13.56,1,1,1,1,1,1,1,1,1,1,1,0,0,1,1,1,1,1,1,0
1770755078.9195879,sweep,0.9664347171783447,13.49999811887741,13.56,1,1,1,1,1,1,1,1,1,1,1,0,0,1,1,1,1,1,1,0
1770755078.9717445,sweep,0.9676628708839417,13.535307537913322,13.56,1,1,1,1,1,1,1,1,1,1,1,0,0,1,1,1,1,1,1,0
1770755078.9964557,sweep,0.9675270915031433,13.53140388071537,13.56,1,1,1,1,1,1,1,1,1,1,1,0,0,1,1,1,1,1,1,0
1770755079.0211546,sweep,0.9662063717842102,13.493433188796043,13.56,1,1,1,1,1,1,1,1,1,1,1,0,0,1,1,1,1,1,1,0
1770755079.0461416,sweep,0.9666457772254944,13.506066095232963,13.56,1,1,1,1,1,1,1,1,1,1,1,0,0,1,1,1,1,1,1,0
1770755079.070495,sweep,0.967575192451477,13.532786782979965,13.56,1,1,1,1,1,1,1,1,1,1,1,0,0,1,1,1,1,1,1,0
1770755079.0950825,sweep,0.9675455689430237,13.53193510711193,13.56,1,1,1,1,1,1,1,1,1,1,1,0,0,1,1,1,1,1,1,0
1770755079.1194189,sweep,0.9661718010902405,13.492439281344414,13.56,1,1,1,1,1,1,1,1,1,1,1,0,0,1,1,1,1,1,1,0
1770755079.1439035,sweep,0.9670197367668152,13.516817432045936,13.56,1,1,1,1,1,1,1,1,1,1,1,0,0,1,1,1,1,1,1,0
1770755079.1955087,sweep,0.9674172401428223,13.52824565410614,13.56,1,1,1,1,1,1,1,1,1,1,1,0,0,1,1,1,1,1,1,0
1770755079.2199104,sweep,0.9668086767196655,13.510749455690384,13.56,1,1,1,1,1,1,1,1,1,1,1,0,0,1,1,1,1,1,1,0
1770755079.244484,sweep,0.965837299823761,13.482822369933128,13.56,1,1,1,1,1,1,1,1,1,1,1,0,0,1,1,1,1,1,1,0
1770755079.269172,sweep,0.9669432044029236,13.514617126584053,13.56,1,1,1,1,1,1,1,1,1,1,1,0,0,1,1,1,1,1,1,0
1770755079.293872,sweep,0.9671691060066223,13.521111797690391,13.56,1,1,1,1,1,1,1,1,1,1,1,0,0,1,1,1,1,1,1,0
1770755079.3182285,sweep,0.9662248492240906,13.493964415192604,13.56,1,1,1,1,1,1,1,1,1,1,1,0,0,1,1,1,1,1,1,0
1770755079.3429067,sweep,0.9667568802833557,13.509260308146477,13.56,1,1,1,1,1,1,1,1,1,1,1,0,0,1,1,1,1,1,1,0
1770755079.3676367,sweep,0.9675801396369934,13.53292901456356,13.56,1,1,1,1,1,1,1,1,1,1,1,0,0,1,1,1,1,1,1,0
1770755079.4192243,sweep,0.9664161801338196,13.499465178847313,13.56,1,1,1,1,1,1,1,1,1,1,1,0,0,1,1,1,1,1,1,0
1770755079.4438474,sweep,0.9663372039794922,13.4971946144104,13.56,1,1,1,1,1,1,1,1,1,1,1,0,0,1,1,1,1,1,1,0
1770755079.4687243,sweep,0.9671456813812256,13.520438339710235,13.56,1,1,1,1,1,1,1,1,1,1,1,0,0,1,1,1,1,1,1,0
1770755079.4934602,sweep,0.9615862965583801,13.360606026053429,13.56,1,1,1,1,1,1,1,1,1,1,1,0,0,1,1,1,1,1,1,0
1770755079.5177026,sweep,0.9563651084899902,13.210496869087219,13.56,1,1,1,1,1,1,1,1,1,1,1,0,0,1,1,1,1,1,1,0
1770755079.5425532,sweep,0.9552850723266602,13.17944582939148,13.56,1,1,1,1,1,1,1,1,1,1,1,0,0,1,1,1,1,1,1,0
1770755079.5673494,sweep,0.9543247818946838,13.15183747947216,13.56,1,1,1,1,1,1,1,1,1,1,1,0,0,1,1,1,1,1,1,0
1770755079.5921683,sweep,0.952672004699707,13.104320135116577,13.56,1,1,1,1,1,1,1,1,1,1,1,0,0,1,1,1,1,1,1,0
1770755079.643361,sweep,0.9487987160682678,12.9929630869627,13.12,1,1,1,1,1,1,1,1,1,1,1,0,0,1,1,1,1,1,1,0
1770755079.667798,sweep,0.948544442653656,12.98565272629261,13.12,1,1,1,1,1,1,1,1,1,1,1,0,0,1,1,1,1,1,1,0
1770755079.6924887,sweep,0.9472582936286926,12.948675941824913,13.12,1,1,1,1,1,1,1,1,1,1,1,0,0,1,1,1,1,1,1,0
1770755079.716923,sweep,0.9447513818740845,12.876602228879928,13.12,1,1,1,1,1,1,1,1,1,1,1,0,0,1,1,1,1,1,1,0
1770755079.7420354,sweep,0.9435614943504333,12.842392962574959,13.12,1,1,1,1,1,1,1,1,1,1,1,0,0,1,1,1,1,1,1,0
1770755079.7663696,sweep,0.9425024390220642,12.811945121884346,13.12,1,1,1,1,1,1,1,1,1,1,1,0,0,1,1,1,1,1,1,0
1770755079.790782,sweep,0.9406991004943848,12.760099139213562,13.12,1,1,1,1,1,1,1,1,1,1,1,0,0,1,1,1,1,1,1,0
1770755079.8151562,sweep,0.9386637210845947,12.701581981182098,13.12,1,1,1,1,1,1,1,1,1,1,1,0,0,1,1,1,1,1,1,0
1770755079.866953,sweep,0.9364690780639648,12.63848599433899,12.72,1,1,1,1,1,1,1,1,1,1,1,0,0,1,1,1,1,1,1,0
1770755079.8914084,sweep,0.9350508451461792,12.597711797952652,12.72,1,1,1,1,1,1,1,1,1,1,1,0,0,1,1,1,1,1,1,0
1770755079.9162433,sweep,0.9327932596206665,12.532806214094162,12.72,1,1,1,1,1,1,1,1,1,1,1,0,0,1,1,1,1,1,1,0
1770755079.9408586,sweep,0.9311627745628357,12.485929768681526,12.72,1,1,1,1,1,1,1,1,1,1,1,0,0,1,1,1,1,1,1,0
1770755079.9654694,sweep,0.9299592971801758,12.451329793930054,12.72,1,1,1,1,1,1,1,1,1,1,1,0,0,1,1,1,1,1,1,0
1770755079.9902225,sweep,0.929227352142334,12.430286374092102,12.72,1,1,1,1,1,1,1,1,1,1,1,0,0,1,1,1,1,1,1,0
1770755080.0150661,sweep,0.9273252487182617,12.375600900650024,12.72,1,1,1,1,1,1,1,1,1,1,1,0,0,1,1,1,1,1,1,0
1770755080.039684,sweep,0.9260514378547668,12.338978838324547,12.72,1,1,1,1,1,1,1,1,1,1,1,0,0,1,1,1,1,1,1,0
1770755080.090677,sweep,0.9239851832389832,12.279574018120766,12.36,1,1,1,1,1,1,1,1,1,1,1,0,0,1,1,1,1,1,1,0
1770755080.1155498,sweep,0.921775758266449,12.216053050160408,12.36,1,1,1,1,1,1,1,1,1,1,1,0,0,1,1,1,1,1,1,0
1770755080.1401362,sweep,0.920543909072876,12.180637385845184,12.36,1,1,1,1,1,1,1,1,1,1,1,0,0,1,1,1,1,1,1,0
1770755080.1646419,sweep,0.918989896774292,12.135959532260895,12.36,1,1,1,1,1,1,1,1,1,1,1,0,0,1,1,1,1,1,1,0
1770755080.1892638,sweep,0.9184986352920532,12.12183576464653,12.36,1,1,1,1,1,1,1,1,1,1,1,0,0,1,1,1,1,1,1,0
1770755080.2140615,sweep,0.916086733341217,12.05249358355999,12.36,1,1,1,1,1,1,1,1,1,1,1,0,0,1,1,1,1,1,1,0
1770755080.2388315,sweep,0.9147660136222839,12.014522891640663,12.36,1,1,1,1,1,1,1,1,1,1,1,0,0,1,1,1,1,1,1,0
1770755080.263438,sweep,0.9146882891654968,12.012288313508034,12.36,1,1,1,1,1,1,1,1,1,1,1,0,0,1,1,1,1,1,1,0
1770755080.3145614,sweep,0.9109199047088623,11.903947260379791,12.01,1,1,1,1,1,1,1,1,1,1,1,0,0,1,1,1,1,1,1,0
1770755080.3392034,sweep,0.9097732305526733,11.870980378389358,12.01,1,1,1,1,1,1,1,1,1,1,1,0,0,1,1,1,1,1,1,0
1770755080.3640938,sweep,0.9093078970909119,11.857602041363716,12.01,1,1,1,1,1,1,1,1,1,1,1,0,0,1,1,1,1,1,1,0
1770755080.3889108,sweep,0.9079291224479675,11.817962270379066,12.01,1,1,1,1,1,1,1,1,1,1,1,0,0,1,1,1,1,1,1,0
1770755080.4137757,sweep,0.9059381484985352,11.760721769332886,12.01,1,1,1,1,1,1,1,1,1,1,1,0,0,1,1,1,1,1,1,0
1770755080.4380708,sweep,0.9043360352516174,11.714661013484001,12.01,1,1,1,1,1,1,1,1,1,1,1,0,0,1,1,1,1,1,1,0
1770755080.4628575,sweep,0.9043323397636414,11.714554768204689,12.01,1,1,1,1,1,1,1,1,1,1,1,0,0,1,1,1,1,1,1,0
1770755080.4874246,sweep,0.902043879032135,11.648761522173881,12.01,1,1,1,1,1,1,1,1,1,1,1,0,0,1,1,1,1,1,1,0
1770755080.5382462,sweep,0.8991777896881104,11.566361453533172,11.67,1,1,1,1,1,1,1,1,1,1,1,0,0,1,1,1,1,1,1,0
1770755080.5630517,sweep,0.8991345763206482,11.565119069218635,11.67,1,1,1,1,1,1,1,1,1,1,1,0,0,1,1,1,1,1,1,0
1770755080.5877159,sweep,0.8973670601844788,11.514302980303764,11.67,1,1,1,1,1,1,1,1,1,1,1,0,0,1,1,1,1,1,1,0
1770755080.6121984,sweep,0.8954131007194519,11.458126645684242,11.67,1,1,1,1,1,1,1,1,1,1,1,0,0,1,1,1,1,1,1,0
1770755080.6365902,sweep,0.8939566016197205,11.416252296566963,11.67,1,1,1,1,1,1,1,1,1,1,1,0,0,1,1,1,1,1,1,0
1770755080.661008,sweep,0.8937221169471741,11.409510862231254,11.67,1,1,1,1,1,1,1,1,1,1,1,0,0,1,1,1,1,1,1,0
1770755080.6856153,sweep,0.8920310735702515,11.36089336514473,11.67,1,1,1,1,1,1,1,1,1,1,1,0,0,1,1,1,1,1,1,0
1770755080.7099314,sweep,0.8902055025100708,11.308408197164535,11.67,1,1,1,1,1,1,1,1,1,1,1,0,0,1,1,1,1,1,1,0
1770755080.7620368,sweep,0.8887441158294678,11.266393330097198,11.33,1,1,1,1,1,1,1,1,1,1,1,0,0,1,1,1,1,1,1,0
1770755080.7865803,sweep,0.8871987462043762,11.221963953375816,11.33,1,1,1,1,1,1,1,1,1,1,1,0,0,1,1,1,1,1,1,0
1770755080.8110363,sweep,0.8845128417015076,11.144744198918342,11.33,1,1,1,1,1,1,1,1,1,1,1,0,0,1,1,1,1,1,1,0
1770755080.8357081,sweep,0.8839685320854187,11.129095297455788,11.33,1,1,1,1,1,1,1,1,1,1,1,0,0,1,1,1,1,1,1,0
1770755080.8604467,sweep,0.8832204937934875,11.107589196562767,11.33,1,1,1,1,1,1,1,1,1,1,1,0,0,1,1,1,1,1,1,0
1770755080.8855238,sweep,0.881568968296051,11.060107838511467,11.33,1,1,1,1,1,1,1,1,1,1,1,0,0,1,1,1,1,1,1,0
1770755080.910079,sweep,0.8794397711753845,10.998893421292305,11.33,1,1,1,1,1,1,1,1,1,1,1,0,0,1,1,1,1,1,1,0
1770755080.9343965,sweep,0.8786411881446838,10.97593415915966,11.33,1,1,1,1,1,1,1,1,1,1,1,0,0,1,1,1,1,1,1,0
1770755080.9858224,sweep,0.8762441277503967,10.907018672823906,10.99,1,1,1,1,1,1,1,1,1,1,1,0,0,1,1,1,1,1,1,0
1770755081.0104954,sweep,0.8744543790817261,10.855563398599624,10.99,1,1,1,1,1,1,1,1,1,1,1,0,0,1,1,1,1,1,1,0
1770755081.0351634,sweep,0.8732015490531921,10.819544535279274,10.99,1,1,1,1,1,1,1,1,1,1,1,0,0,1,1,1,1,1,1,0
1770755081.060034,sweep,0.8730139136314392,10.814150016903877,10.99,1,1,1,1,1,1,1,1,1,1,1,0,0,1,1,1,1,1,1,0
1770755081.0845013,sweep,0.871714174747467,10.776782523989677,10.99,1,1,1,1,1,1,1,1,1,1,1,0,0,1,1,1,1,1,1,0
1770755081.1091206,sweep,0.8692874908447266,10.707015361785889,10.99,1,1,1,1,1,1,1,1,1,1,1,0,0,1,1,1,1,1,1,0
1770755081.1337674,sweep,0.8685629367828369,10.686184432506561,10.99,1,1,1,1,1,1,1,1,1,1,1,0,0,1,1,1,1,1,1,0
1770755081.1583626,sweep,0.8678914904594421,10.666880350708961,10.99,1,1,1,1,1,1,1,1,1,1,1,0,0,1,1,1,1,1,1,0
1770755081.2097588,sweep,0.8637589812278748,10.548070710301399,10.66,1,1,1,1,1,1,1,1,1,1,1,0,0,1,1,1,1,1,1,0
1770755081.234119,sweep,0.8630356788635254,10.527275767326355,10.66,1,1,1,1,1,1,1,1,1,1,1,0,0,1,1,1,1,1,1,0
1770755081.258464,sweep,0.8623382449150085,10.507224541306496,10.66,1,1,1,1,1,1,1,1,1,1,1,0,0,1,1,1,1,1,1,0
1770755081.2829714,sweep,0.8608311414718628,10.463895317316055,10.66,1,1,1,1,1,1,1,1,1,1,1,0,0,1,1,1,1,1,1,0
1770755081.3076255,sweep,0.8587068915367126,10.402823131680488,10.66,1,1,1,1,1,1,1,1,1,1,1,0,0,1,1,1,1,1,1,0
1770755081.3320844,sweep,0.8576897978782654,10.37358168900013,10.66,1,1,1,1,1,1,1,1,1,1,1,0,0,1,1,1,1,1,1,0
1770755081.3567636,sweep,0.8568430542945862,10.349237810969353,10.66,1,1,1,1,1,1,1,1,1,1,1,0,0,1,1,1,1,1,1,0
1770755081.3813834,sweep,0.8560345768928528,10.325994085669517,10.66,1,1,1,1,1,1,1,1,1,1,1,0,0,1,1,1,1,1,1,0
1770755081.4334807,sweep,0.8522933721542358,10.21843444943428,10.32,1,1,1,1,1,1,1,1,1,1,1,0,0,1,1,1,1,1,1,0
1770755081.4579265,sweep,0.8522477149963379,10.217121806144714,10.32,1,1,1,1,1,1,1,1,1,1,1,0,0,1,1,1,1,1,1,0
1770755081.482297,sweep,0.8514034152030945,10.192848187088966,10.32,1,1,1,1,1,1,1,1,1,1,1,0,0,1,1,1,1,1,1,0
1770755081.506801,sweep,0.8490705490112305,10.125778284072876,10.32,1,1,1,1,1,1,1,1,1,1,1,0,0,1,1,1,1,1,1,0
1770755081.531132,sweep,0.8469944596290588,10.066090714335441,10.32,1,1,1,1,1,1,1,1,1,1,1,0,0,1,1,1,1,1,1,0
1770755081.5558403,sweep,0.8464550375938416,10.050582330822944,10.32,1,1,1,1,1,1,1,1,1,1,1,0,0,1,1,1,1,1,1,0
1770755081.5805335,sweep,0.8454169631004333,10.020737689137459,10.32,1,1,1,1,1,1,1,1,1,1,1,0,0,1,1,1,1,1,1,0
1770755081.6051962,sweep,0.8437814712524414,9.97371729850769,10.32,1,1,1,1,1,1,1,1,1,1,1,0,0,1,1,1,1,1,1,0
1770755081.6572516,sweep,0.8413622379302979,9.904164340496063,9.98,1,1,1,1,1,1,1,1,1,1,1,0,0,1,1,1,1,1,1,0
1770755081.681828,sweep,0.8400698900222778,9.867009338140488,9.98,1,1,1,1,1,1,1,1,1,1,1,0,0,1,1,1,1,1,1,0
1770755081.706422,sweep,0.8387948274612427,9.830351289510727,9.98,1,1,1,1,1,1,1,1,1,1,1,0,0,1,1,1,1,1,1,0
1770755081.7312436,sweep,0.8370310068130493,9.779641445875168,9.98,1,1,1,1,1,1,1,1,1,1,1,0,0,1,1,1,1,1,1,0
1770755081.7559037,sweep,0.8361089825630188,9.75313324868679,9.98,1,1,1,1,1,1,1,1,1,1,1,0,0,1,1,1,1,1,1,0
1770755081.780562,sweep,0.8355103135108948,9.735921513438225,9.98,1,1,1,1,1,1,1,1,1,1,1,0,0,1,1,1,1,1,1,0
1770755081.8061106,sweep,0.8333984017372131,9.675204049944877,9.98,1,1,1,1,1,1,1,1,1,1,1,0,0,1,1,1,1,1,1,0
1770755081.864879,sweep,0.830703854560852,9.597735818624496,9.68,1,1,1,1,1,1,1,1,1,1,1,0,0,1,1,1,1,1,1,0
1770755081.8894238,sweep,0.8294337391853333,9.56122000157833,9.68,1,1,1,1,1,1,1,1,1,1,1,0,0,1,1,1,1,1,1,0
1770755081.913973,sweep,0.8279513120651245,9.51860022187233,9.68,1,1,1,1,1,1,1,1,1,1,1,0,0,1,1,1,1,1,1,0
1770755081.9398801,sweep,0.8265343308448792,9.477862011790275,9.68,1,1,1,1,1,1,1,1,1,1,1,0,0,1,1,1,1,1,1,0
1770755081.9646907,sweep,0.8252765536308289,9.44170091688633,9.68,1,1,1,1,1,1,1,1,1,1,1,0,0,1,1,1,1,1,1,0
1770755081.9890795,sweep,0.8240891695022583,9.407563623189926,9.68,1,1,1,1,1,1,1,1,1,1,1,0,0,1,1,1,1,1,1,0
1770755082.0135489,sweep,0.8225104808807373,9.362176325321197,9.68,1,1,1,1,1,1,1,1,1,1,1,0,0,1,1,1,1,1,1,0
1770755082.0727587,sweep,0.8195801973342896,9.277930673360824,9.37,1,1,1,1,1,1,1,1,1,1,1,0,0,1,1,1,1,1,1,0
1770755082.0974112,sweep,0.8190963268280029,9.264019396305084,9.37,1,1,1,1,1,1,1,1,1,1,1,0,0,1,1,1,1,1,1,0
1770755082.1217782,sweep,0.81669682264328,9.1950336509943,9.37,1,1,1,1,1,1,1,1,1,1,1,0,0,1,1,1,1,1,1,0
1770755082.1463997,sweep,0.8157414197921753,9.16756581902504,9.37,1,1,1,1,1,1,1,1,1,1,1,0,0,1,1,1,1,1,1,0
1770755082.171006,sweep,0.8148391246795654,9.141624834537506,9.37,1,1,1,1,1,1,1,1,1,1,1,0,0,1,1,1,1,1,1,0
1770755082.195481,sweep,0.8133875727653503,9.099892717003822,9.37,1,1,1,1,1,1,1,1,1,1,1,0,0,1,1,1,1,1,1,0
1770755082.219919,sweep,0.811195433139801,9.03686870276928,9.37,1,1,1,1,1,1,1,1,1,1,1,0,0,1,1,1,1,1,1,0
1770755082.2647398,sweep,0.8099536895751953,9.001168575286865,9.06,1,1,1,1,1,1,1,1,1,1,1,0,0,1,1,1,1,1,1,0
1770755082.289523,sweep,0.8083527684211731,8.955142092108726,9.06,1,1,1,1,1,1,1,1,1,1,1,0,0,1,1,1,1,1,1,0
1770755082.313924,sweep,0.8067358136177063,8.908654641509056,9.06,1,1,1,1,1,1,1,1,1,1,1,0,0,1,1,1,1,1,1,0
1770755082.3384123,sweep,0.8052139282226562,8.864900436401367,9.06,1,1,1,1,1,1,1,1,1,1,1,0,0,1,1,1,1,1,1,0
1770755082.363156,sweep,0.8049300312995911,8.856738399863243,9.06,1,1,1,1,1,1,1,1,1,1,1,0,0,1,1,1,1,1,1,0
1770755082.38773,sweep,0.8040783405303955,8.83225229024887,9.06,1,1,1,1,1,1,1,1,1,1,1,0,0,1,1,1,1,1,1,0
1770755082.4124053,sweep,0.801003634929657,8.743854504227638,9.06,1,1,1,1,1,1,1,1,1,1,1,0,0,1,1,1,1,1,1,0
1770755082.4370258,sweep,0.800370454788208,8.72565057516098,9.06,1,1,1,1,1,1,1,1,1,1,1,0,0,1,1,1,1,1,1,0
1770755082.4884322,sweep,0.7978388667106628,8.652867417931557,8.74,1,1,1,1,1,1,1,1,1,1,1,0,0,1,1,1,1,1,1,0
1770755082.512848,sweep,0.7964810729026794,8.613830845952034,8.74,1,1,1,1,1,1,1,1,1,1,1,0,0,1,1,1,1,1,1,0
1770755082.5376017,sweep,0.7955812811851501,8.587961834073067,8.74,1,1,1,1,1,1,1,1,1,1,1,0,0,1,1,1,1,1,1,0
1770755082.562052,sweep,0.7950406670570374,8.572419177889824,8.74,1,1,1,1,1,1,1,1,1,1,1,0,0,1,1,1,1,1,1,0
1770755082.5869598,sweep,0.7930940985679626,8.516455333828926,8.74,1,1,1,1,1,1,1,1,1,1,1,0,0,1,1,1,1,1,1,0
1770755082.6113632,sweep,0.7909550666809082,8.45495816707611,8.74,1,1,1,1,1,1,1,1,1,1,1,0,0,1,1,1,1,1,1,0
1770755082.6356146,sweep,0.7901403903961182,8.431536223888397,8.74,1,1,1,1,1,1,1,1,1,1,1,0,0,1,1,1,1,1,1,0
1770755082.6603832,sweep,0.7897355556488037,8.419897224903107,8.74,1,1,1,1,1,1,1,1,1,1,1,0,0,1,1,1,1,1,1,0
1770755082.7121742,sweep,0.7862411737442017,8.319433745145798,8.4,1,1,1,1,1,1,1,1,1,1,1,0,0,1,1,1,1,1,1,0
1770755082.7364702,sweep,0.7849513292312622,8.282350715398788,8.4,1,1,1,1,1,1,1,1,1,1,1,0,0,1,1,1,1,1,1,0
1770755082.7608206,sweep,0.7842391133308411,8.26187450826168,8.4,1,1,1,1,1,1,1,1,1,1,1,0,0,1,1,1,1,1,1,0
1770755082.7856283,sweep,0.7831874489784241,8.231639158129692,8.4,1,1,1,1,1,1,1,1,1,1,1,0,0,1,1,1,1,1,1,0
1770755082.8103664,sweep,0.7806904315948486,8.159849908351898,8.4,1,1,1,1,1,1,1,1,1,1,1,0,0,1,1,1,1,1,1,0
1770755082.8353672,sweep,0.7801214456558228,8.143491562604904,8.4,1,1,1,1,1,1,1,1,1,1,1,0,0,1,1,1,1,1,1,0
1770755082.8598342,sweep,0.779198169708252,8.116947379112244,8.4,1,1,1,1,1,1,1,1,1,1,1,0,0,1,1,1,1,1,1,0
1770755082.884665,sweep,0.7775601744651794,8.069855015873909,8.4,1,1,1,1,1,1,1,1,1,1,1,0,0,1,1,1,1,1,1,0
1770755082.935982,sweep,0.7739571928977966,7.966269295811653,8.07,1,1,1,1,1,1,1,1,1,1,1,0,0,1,1,1,1,1,1,0
1770755082.960272,sweep,0.7742423415184021,7.97446731865406,8.07,1,1,1,1,1,1,1,1,1,1,1,0,0,1,1,1,1,1,1,0
1770755082.9845355,sweep,0.772620439529419,7.9278376364707945,8.07,1,1,1,1,1,1,1,1,1,1,1,0,0,1,1,1,1,1,1,0
1770755083.008864,sweep,0.7703456282615662,7.862436812520027,8.07,1,1,1,1,1,1,1,1,1,1,1,0,0,1,1,1,1,1,1,0
1770755083.0334878,sweep,0.7694494724273682,7.836672332286835,8.07,1,1,1,1,1,1,1,1,1,1,1,0,0,1,1,1,1,1,1,0
1770755083.0580182,sweep,0.7692952156066895,7.832237448692322,8.07,1,1,1,1,1,1,1,1,1,1,1,0,0,1,1,1,1,1,1,0
1770755083.0824554,sweep,0.7679658532142639,7.794018279910087,8.07,1,1,1,1,1,1,1,1,1,1,1,0,0,1,1,1,1,1,1,0
1770755083.1073675,sweep,0.766269862651825,7.745258551239967,8.07,1,1,1,1,1,1,1,1,1,1,1,0,0,1,1,1,1,1,1,0
1770755083.159859,sweep,0.7638468742370605,7.675597634315491,7.73,1,1,1,1,1,1,1,1,1,1,1,0,0,1,1,1,1,1,1,0
1770755083.1844947,sweep,0.7620176672935486,7.623007934689522,7.73,1,1,1,1,1,1,1,1,1,1,1,0,0,1,1,1,1,1,1,0
1770755083.2089825,sweep,0.7604525089263916,7.578009631633758,7.73,1,1,1,1,1,1,1,1,1,1,1,0,0,1,1,1,1,1,1,0
1770755083.233994,sweep,0.7589293718338013,7.534219440221786,7.73,1,1,1,1,1,1,1,1,1,1,1,0,0,1,1,1,1,1,1,0
1770755083.2588136,sweep,0.7575753331184387,7.495290827155113,7.73,1,1,1,1,1,1,1,1,1,1,1,0,0,1,1,1,1,1,1,0
1770755083.2834964,sweep,0.7570260763168335,7.479499694108963,7.73,1,1,1,1,1,1,1,1,1,1,1,0,0,1,1,1,1,1,1,0
1770755083.3080075,sweep,0.7550869584083557,7.423750054240227,7.73,1,1,1,1,1,1,1,1,1,1,1,0,0,1,1,1,1,1,1,0
1770755083.367414,sweep,0.7521405816078186,7.339041721224785,7.43,1,1,1,1,1,1,1,1,1,1,1,0,0,1,1,1,1,1,1,0
1770755083.3922374,sweep,0.7513383030891418,7.315976213812828,7.43,1,1,1,1,1,1,1,1,1,1,1,0,0,1,1,1,1,1,1,0
1770755083.4167705,sweep,0.7499929070472717,7.277296077609062,7.43,1,1,1,1,1,1,1,1,1,1,1,0,0,1,1,1,1,1,1,0
1770755083.441448,sweep,0.7479574680328369,7.218777205944061,7.43,1,1,1,1,1,1,1,1,1,1,1,0,0,1,1,1,1,1,1,0
1770755083.4659424,sweep,0.7474464774131775,7.204086225628853,7.43,1,1,1,1,1,1,1,1,1,1,1,0,0,1,1,1,1,1,1,0
1770755083.4908168,sweep,0.7463516592979431,7.172610204815864,7.43,1,1,1,1,1,1,1,1,1,1,1,0,0,1,1,1,1,1,1,0
1770755083.5154693,sweep,0.7440027594566345,7.105079334378242,7.43,1,1,1,1,1,1,1,1,1,1,1,0,0,1,1,1,1,1,1,0
1770755083.5755477,sweep,0.7421019077301025,7.050429847240448,7.11,1,1,1,1,1,1,1,1,1,1,1,0,0,1,1,1,1,1,1,0
1770755083.6001093,sweep,0.7402047514915466,6.9958866053819655,7.11,1,1,1,1,1,1,1,1,1,1,1,0,0,1,1,1,1,1,1,0
1770755083.6250772,sweep,0.7389370799064636,6.959441047310829,7.11,1,1,1,1,1,1,1,1,1,1,1,0,0,1,1,1,1,1,1,0
1770755083.649643,sweep,0.7372522354125977,6.9110017681121825,7.11,1,1,1,1,1,1,1,1,1,1,1,0,0,1,1,1,1,1,1,0
1770755083.6747417,sweep,0.736262321472168,6.882541742324829,7.11,1,1,1,1,1,1,1,1,1,1,1,0,0,1,1,1,1,1,1,0
1770755083.699042,sweep,0.7349070310592651,6.8435771429538725,7.11,1,1,1,1,1,1,1,1,1,1,1,0,0,1,1,1,1,1,1,0
1770755083.7240098,sweep,0.7340837121009827,6.8199067229032515,7.11,1,1,1,1,1,1,1,1,1,1,1,0,0,1,1,1,1,1,1,0
1770755083.7830567,sweep,0.7310683131217957,6.733214002251625,6.81,1,1,1,1,1,1,1,1,1,1,1,0,0,1,1,1,1,1,1,0
1770755083.8076031,sweep,0.7289971113204956,6.6736669504642485,6.81,1,1,1,1,1,1,1,1,1,1,1,0,0,1,1,1,1,1,1,0
1770755083.832209,sweep,0.7281121015548706,6.64822291970253,6.81,1,1,1,1,1,1,1,1,1,1,1,0,0,1,1,1,1,1,1,0
1770755083.8570533,sweep,0.7271616458892822,6.620897319316864,6.81,1,1,1,1,1,1,1,1,1,1,1,0,0,1,1,1,1,1,1,0
1770755083.8816671,sweep,0.7257668972015381,6.58079829454422,6.81,1,1,1,1,1,1,1,1,1,1,1,0,0,1,1,1,1,1,1,0
1770755083.9065144,sweep,0.723610520362854,6.5188024604320525,6.81,1,1,1,1,1,1,1,1,1,1,1,0,0,1,1,1,1,1,1,0
1770755083.9311683,sweep,0.7224922180175781,6.486651268005371,6.81,1,1,1,1,1,1,1,1,1,1,1,0,0,1,1,1,1,1,1,0
1770755083.9907231,sweep,0.7201951742172241,6.420611258745193,6.5,1,1,1,1,1,1,1,1,1,1,1,0,0,1,1,1,1,1,1,0
1770755084.0154564,sweep,0.7181252241134644,6.3611001932621,6.5,1,1,1,1,1,1,1,1,1,1,1,0,0,1,1,1,1,1,1,0
1770755084.040255,sweep,0.7173920273780823,6.340020787119865,6.5,1,1,1,1,1,1,1,1,1,1,1,0,0,1,1,1,1,1,1,0
1770755084.0650525,sweep,0.7159664034843445,6.299034100174904,6.5,1,1,1,1,1,1,1,1,1,1,1,0,0,1,1,1,1,1,1,0
1770755084.0896907,sweep,0.7145678997039795,6.25882711648941,6.5,1,1,1,1,1,1,1,1,1,1,1,0,0,1,1,1,1,1,1,0
1770755084.1146998,sweep,0.7130953669548035,6.2164917999505995,6.5,1,1,1,1,1,1,1,1,1,1,1,0,0,1,1,1,1,1,1,0
1770755084.1393833,sweep,0.7117795348167419,6.178661625981331,6.5,1,1,1,1,1,1,1,1,1,1,1,0,0,1,1,1,1,1,1,0
1770755084.1985204,sweep,0.7089702486991882,6.0978946501016615,6.19,1,1,1,1,1,1,1,1,1,1,1,0,0,1,1,1,1,1,1,0
1770755084.2231677,sweep,0.7071841955184937,6.046545621156692,6.19,1,1,1,1,1,1,1,1,1,1,1,0,0,1,1,1,1,1,1,0
1770755084.2477252,sweep,0.7061744928359985,6.017516669034958,6.19,1,1,1,1,1,1,1,1,1,1,1,0,0,1,1,1,1,1,1,0
1770755084.2726164,sweep,0.7056931257247925,6.003677364587784,6.19,1,1,1,1,1,1,1,1,1,1,1,0,0,1,1,1,1,1,1,0
1770755084.296895,sweep,0.7044205665588379,5.967091288566589,6.19,1,1,1,1,1,1,1,1,1,1,1,0,0,1,1,1,1,1,1,0
1770755084.3213758,sweep,0.7020074725151062,5.897714834809303,6.19,1,1,1,1,1,1,1,1,1,1,1,0,0,1,1,1,1,1,1,0
1770755084.3460596,sweep,0.7011767625808716,5.873831924200058,6.19,1,1,1,1,1,1,1,1,1,1,1,0,0,1,1,1,1,1,1,0
1770755084.390788,sweep,0.6994634866714478,5.824575241804123,5.88,1,1,1,1,1,1,1,1,1,1,1,0,0,1,1,1,1,1,1,0
1770755084.4153628,sweep,0.6975120306015015,5.768470879793167,5.88,1,1,1,1,1,1,1,1,1,1,1,0,0,1,1,1,1,1,1,0
1770755084.4398851,sweep,0.6959666609764099,5.724041503071785,5.88,1,1,1,1,1,1,1,1,1,1,1,0,0,1,1,1,1,1,1,0
1770755084.4644341,sweep,0.695769190788269,5.718364235162735,5.88,1,1,1,1,1,1,1,1,1,1,1,0,0,1,1,1,1,1,1,0
1770755084.4892476,sweep,0.6940534710884094,5.669037293791771,5.88,1,1,1,1,1,1,1,1,1,1,1,0,0,1,1,1,1,1,1,0
1770755084.513792,sweep,0.6929734349250793,5.637986254096031,5.88,1,1,1,1,1,1,1,1,1,1,1,0,0,1,1,1,1,1,1,0
1770755084.5380979,sweep,0.691054105758667,5.582805540561676,5.88,1,1,1,1,1,1,1,1,1,1,1,0,0,1,1,1,1,1,1,0
1770755084.5629168,sweep,0.690243124961853,5.559489842653274,5.88,1,1,1,1,1,1,1,1,1,1,1,0,0,1,1,1,1,1,1,0
1770755084.614357,sweep,0.6873449683189392,5.476167839169502,5.55,1,1,1,1,1,1,1,1,1,1,1,0,0,1,1,1,1,1,1,0
1770755084.6387677,sweep,0.6861488819122314,5.441780354976654,5.55,1,1,1,1,1,1,1,1,1,1,1,0,0,1,1,1,1,1,1,0
1770755084.6634157,sweep,0.684798538684845,5.402957987189293,5.55,1,1,1,1,1,1,1,1,1,1,1,0,0,1,1,1,1,1,1,0
1770755084.6877847,sweep,0.6844010949134827,5.3915314787626265,5.55,1,1,1,1,1,1,1,1,1,1,1,0,0,1,1,1,1,1,1,0
1770755084.7123525,sweep,0.6825076341629028,5.337094482183456,5.55,1,1,1,1,1,1,1,1,1,1,1,0,0,1,1,1,1,1,1,0
1770755084.737054,sweep,0.6804290413856506,5.277334939837456,5.55,1,1,1,1,1,1,1,1,1,1,1,0,0,1,1,1,1,1,1,0
1770755084.762062,sweep,0.6803044080734253,5.273751732110977,5.55,1,1,1,1,1,1,1,1,1,1,1,0,0,1,1,1,1,1,1,0
1770755084.7865937,sweep,0.679166316986084,5.241031613349914,5.55,1,1,1,1,1,1,1,1,1,1,1,0,0,1,1,1,1,1,1,0
1770755084.8380811,sweep,0.6759892106056213,5.149689804911613,5.22,1,1,1,1,1,1,1,1,1,1,1,0,0,1,1,1,1,1,1,0
1770755084.8626952,sweep,0.6741549968719482,5.096956160068512,5.22,1,1,1,1,1,1,1,1,1,1,1,0,0,1,1,1,1,1,1,0
1770755084.8874288,sweep,0.6741019487380981,5.0954310262203215,5.22,1,1,1,1,1,1,1,1,1,1,1,0,0,1,1,1,1,1,1,0
1770755084.911883,sweep,0.6718283295631409,5.0300644749403,5.22,1,1,1,1,1,1,1,1,1,1,1,0,0,1,1,1,1,1,1,0
1770755084.9360821,sweep,0.6707420945167542,4.998835217356682,5.22,1,1,1,1,1,1,1,1,1,1,1,0,0,1,1,1,1,1,1,0
1770755084.9606812,sweep,0.6700965762138367,4.980276566147804,5.22,1,1,1,1,1,1,1,1,1,1,1,0,0,1,1,1,1,1,1,0
1770755084.985118,sweep,0.6687931418418884,4.942802827954292,5.22,1,1,1,1,1,1,1,1,1,1,1,0,0,1,1,1,1,1,1,0
1770755085.0098736,sweep,0.6667910218238831,4.885241877436638,5.22,1,1,1,1,1,1,1,1,1,1,1,0,0,1,1,1,1,1,1,0
1770755085.0619402,sweep,0.6643075942993164,4.8138433361053465,4.88,1,1,1,1,1,1,1,1,1,1,1,0,0,1,1,1,1,1,1,0
1770755085.0865076,sweep,0.663870632648468,4.801280688643455,4.88,1,1,1,1,1,1,1,1,1,1,1,0,0,1,1,1,1,1,1,0
1770755085.1112578,sweep,0.6618463397026062,4.743082266449928,4.88,1,1,1,1,1,1,1,1,1,1,1,0,0,1,1,1,1,1,1,0
1770755085.136128,sweep,0.6602059602737427,4.695921357870102,4.88,1,1,1,1,1,1,1,1,1,1,1,0,0,1,1,1,1,1,1,0
1770755085.1608968,sweep,0.6592098474502563,4.66728311419487,4.88,1,1,1,1,1,1,1,1,1,1,1,0,0,1,1,1,1,1,1,0
1770755085.1855125,sweep,0.6578348278999329,4.62775130212307,4.88,1,1,1,1,1,1,1,1,1,1,1,0,0,1,1,1,1,1,1,0
1770755085.2105026,sweep,0.6562684774398804,4.5827187263965605,4.88,1,1,1,1,1,1,1,1,1,1,1,0,0,1,1,1,1,1,1,0
1770755085.2701857,sweep,0.6536912322044373,4.508622925877571,4.58,1,1,1,1,1,1,1,1,1,1,1,0,0,1,1,1,1,1,1,0
1770755085.294799,sweep,0.6519865989685059,4.459614720344543,4.58,1,1,1,1,1,1,1,1,1,1,1,0,0,1,1,1,1,1,1,0
1770755085.3193843,sweep,0.6508671045303345,4.427429255247116,4.58,1,1,1,1,1,1,1,1,1,1,1,0,0,1,1,1,1,1,1,0
1770755085.3441927,sweep,0.649551272392273,4.389599081277847,4.58,1,1,1,1,1,1,1,1,1,1,1,0,0,1,1,1,1,1,1,0
1770755085.3690102,sweep,0.648036777973175,4.3460573667287825,4.58,1,1,1,1,1,1,1,1,1,1,1,0,0,1,1,1,1,1,1,0
1770755085.3936677,sweep,0.6470431685447693,4.317491095662117,4.58,1,1,1,1,1,1,1,1,1,1,1,0,0,1,1,1,1,1,1,0
1770755085.418518,sweep,0.6451027989387512,4.2617054694890975,4.58,1,1,1,1,1,1,1,1,1,1,1,0,0,1,1,1,1,1,1,0
1770755085.477366,sweep,0.6434661149978638,4.214650806188583,4.27,1,1,1,1,1,1,1,1,1,1,1,0,0,1,1,1,1,1,1,0
1770755085.5021257,sweep,0.6418182849884033,4.167275693416595,4.27,1,1,1,1,1,1,1,1,1,1,1,0,0,1,1,1,1,1,1,0
1770755085.526858,sweep,0.6398841142654419,4.111668285131454,4.27,1,1,1,1,1,1,1,1,1,1,1,0,0,1,1,1,1,1,1,0
1770755085.5515504,sweep,0.6384868621826172,4.071497287750244,4.27,1,1,1,1,1,1,1,1,1,1,1,0,0,1,1,1,1,1,1,0
1770755085.575953,sweep,0.6380844712257385,4.0599285477399825,4.27,1,1,1,1,1,1,1,1,1,1,1,0,0,1,1,1,1,1,1,0
1770755085.6003811,sweep,0.6365908980369568,4.0169883185625075,4.27,1,1,1,1,1,1,1,1,1,1,1,0,0,1,1,1,1,1,1,0
1770755085.6248503,sweep,0.6351183652877808,3.9746530020236968,4.27,1,1,1,1,1,1,1,1,1,1,1,0,0,1,1,1,1,1,1,0
1770755085.6695218,sweep,0.6332113742828369,3.919827010631561,3.96,1,1,1,1,1,1,1,1,1,1,1,0,0,1,1,1,1,1,1,0
1770755085.6942384,sweep,0.6318375468254089,3.8803294712305068,3.96,1,1,1,1,1,1,1,1,1,1,1,0,0,1,1,1,1,1,1,0
1770755085.7189045,sweep,0.6296244263648987,3.816702257990837,3.96,1,1,1,1,1,1,1,1,1,1,1,0,0,1,1,1,1,1,1,0
1770755085.7438116,sweep,0.628623366355896,3.7879217827320097,3.96,1,1,1,1,1,1,1,1,1,1,1,0,0,1,1,1,1,1,1,0
1770755085.7683651,sweep,0.6278679966926575,3.766204904913902,3.96,1,1,1,1,1,1,1,1,1,1,1,0,0,1,1,1,1,1,1,0
1770755085.792665,sweep,0.6268657445907593,3.737390156984329,3.96,1,1,1,1,1,1,1,1,1,1,1,0,0,1,1,1,1,1,1,0
1770755085.8172588,sweep,0.6245908737182617,3.6719876194000243,3.96,1,1,1,1,1,1,1,1,1,1,1,0,0,1,1,1,1,1,1,0
1770755085.8416936,sweep,0.623993456363678,3.6548118704557417,3.96,1,1,1,1,1,1,1,1,1,1,1,0,0,1,1,1,1,1,1,0
1770755085.8932743,sweep,0.6215717196464539,3.5851869398355483,3.64,1,1,1,1,1,1,1,1,1,1,1,0,0,1,1,1,1,1,1,0
1770755085.9179456,sweep,0.6198572516441345,3.5358959847688674,3.64,1,1,1,1,1,1,1,1,1,1,1,0,0,1,1,1,1,1,1,0
1770755085.942492,sweep,0.6179156303405762,3.480074372291565,3.64,1,1,1,1,1,1,1,1,1,1,1,0,0,1,1,1,1,1,1,0
1770755085.9669816,sweep,0.6176737546920776,3.473120447397232,3.64,1,1,1,1,1,1,1,1,1,1,1,0,0,1,1,1,1,1,1,0
1770755085.9916708,sweep,0.6163764595985413,3.435823213458061,3.64,1,1,1,1,1,1,1,1,1,1,1,0,0,1,1,1,1,1,1,0
1770755086.0165722,sweep,0.6148878931999207,3.3930269294977187,3.64,1,1,1,1,1,1,1,1,1,1,1,0,0,1,1,1,1,1,1,0
1770755086.0409129,sweep,0.6137547492980957,3.3604490423202513,3.64,1,1,1,1,1,1,1,1,1,1,1,0,0,1,1,1,1,1,1,0
1770755086.0656471,sweep,0.612764835357666,3.331989016532898,3.64,1,1,1,1,1,1,1,1,1,1,1,0,0,1,1,1,1,1,1,0
1770755086.117005,sweep,0.6097283959388733,3.244691383242607,3.3,1,1,1,1,1,1,1,1,1,1,1,0,0,1,1,1,1,1,1,0
1770755086.1413674,sweep,0.6081472635269165,3.1992338263988493,3.3,1,1,1,1,1,1,1,1,1,1,1,0,0,1,1,1,1,1,1,0
1770755086.165946,sweep,0.607320249080658,3.175457161068916,3.3,1,1,1,1,1,1,1,1,1,1,1,0,0,1,1,1,1,1,1,0
1770755086.1904616,sweep,0.6061995029449463,3.1432357096672057,3.3,1,1,1,1,1,1,1,1,1,1,1,0,0,1,1,1,1,1,1,0
1770755086.2150667,sweep,0.6045454740524292,3.0956823790073393,3.3,1,1,1,1,1,1,1,1,1,1,1,0,0,1,1,1,1,1,1,0
1770755086.2395613,sweep,0.6028211712837219,3.046108674407005,3.3,1,1,1,1,1,1,1,1,1,1,1,0,0,1,1,1,1,1,1,0
1770755086.2643976,sweep,0.6021225452423096,3.0260231757164,3.3,1,1,1,1,1,1,1,1,1,1,1,0,0,1,1,1,1,1,1,0
1770755086.2893949,sweep,0.6008610725402832,2.989755835533142,3.3,1,1,1,1,1,1,1,1,1,1,1,0,0,1,1,1,1,1,1,0
1770755086.3407586,sweep,0.5979233980178833,2.9052976930141448,2.97,1,1,1,1,1,1,1,1,1,1,1,0,0,1,1,1,1,1,1,0
1770755086.3449898,hold,0.5979998707771301,2.907496284842491,2.97,1,1,1,1,1,1,1,1,1,1,1,0,0,1,1,1,1,1,1,0
1770755086.369583,hold,0.5967260599136353,2.8708742225170134,2.97,1,1,1,1,1,1,1,1,1,1,1,0,0,1,1,1,1,1,1,0
1770755086.39435,hold,0.5959756374359131,2.849299576282501,2.97,1,1,1,1,1,1,1,1,1,1,1,0,0,1,1,1,1,1,1,0
1770755086.4187403,hold,0.5938587784767151,2.7884398812055586,2.97,1,1,1,1,1,1,1,1,1,1,1,0,0,1,1,1,1,1,1,0
1770755086.4432533,hold,0.5925590395927429,2.751072388291359,2.97,1,1,1,1,1,1,1,1,1,1,1,0,0,1,1,1,1,1,1,0
1770755086.4680376,hold,0.5916122794151306,2.723853033185005,2.97,1,1,1,1,1,1,1,1,1,1,1,0,0,1,1,1,1,1,1,0
1770755086.4928067,hold,0.5909296870231628,2.7042285019159316,2.97,1,1,1,1,1,1,1,1,1,1,1,0,0,1,1,1,1,1,1,0
1770755086.5485005,hold,0.5871539115905762,2.595674958229065,2.67,1,1,1,1,1,1,1,1,1,1,1,0,0,1,1,1,1,1,1,0
1770755086.5730155,hold,0.5863689184188843,2.573106404542923,2.67,1,1,1,1,1,1,1,1,1,1,1,0,0,1,1,1,1,1,1,0
1770755086.5974226,hold,0.585446834564209,2.546596493721008,2.67,1,1,1,1,1,1,1,1,1,1,1,0,0,1,1,1,1,1,1,0
1770755086.6219594,hold,0.5832509994506836,2.483466234207153,2.67,1,1,1,1,1,1,1,1,1,1,1,0,0,1,1,1,1,1,1,0
1770755086.6463907,hold,0.5822240710258484,2.453942041993141,2.67,1,1,1,1,1,1,1,1,1,1,1,0,0,1,1,1,1,1,1,0
1770755086.670814,hold,0.5816007256507874,2.4360208624601363,2.67,1,1,1,1,1,1,1,1,1,1,1,0,0,1,1,1,1,1,1,0
1770755086.6956816,hold,0.5802553296089172,2.3973407262563704,2.67,1,1,1,1,1,1,1,1,1,1,1,0,0,1,1,1,1,1,1,0
1770755086.7406003,hold,0.5775052309036255,2.3182753884792326,2.37,1,1,1,1,1,1,1,1,1,1,1,0,0,1,1,1,1,1,1,0
1770755086.7648802,hold,0.5762314200401306,2.281653326153755,2.37,1,1,1,1,1,1,1,1,1,1,1,0,0,1,1,1,1,1,1,0
1770755086.7897017,hold,0.5752266645431519,2.2527666056156157,2.37,1,1,1,1,1,1,1,1,1,1,1,0,0,1,1,1,1,1,1,0
1770755086.8140104,hold,0.5743071436882019,2.2263303810358046,2.37,1,1,1,1,1,1,1,1,1,1,1,0,0,1,1,1,1,1,1,0
1770755086.8385358,hold,0.5723087787628174,2.1688773894309996,2.37,1,1,1,1,1,1,1,1,1,1,1,0,0,1,1,1,1,1,1,0
1770755086.8628302,hold,0.5716792345046997,2.1507779920101164,2.37,1,1,1,1,1,1,1,1,1,1,1,0,0,1,1,1,1,1,1,0
1770755086.8873768,hold,0.5697697401046753,2.0958800280094145,2.37,1,1,1,1,1,1,1,1,1,1,1,0,0,1,1,1,1,1,1,0
1770755086.9117584,hold,0.5688020586967468,2.068059187531471,2.37,1,1,1,1,1,1,1,1,1,1,1,0,0,1,1,1,1,1,1,0
1770755086.9641387,hold,0.5669764876365662,2.015574019551277,2.06,1,1,1,1,1,1,1,1,1,1,1,0,0,1,1,1,1,1,1,0
1770755086.9887264,hold,0.5656150579452515,1.9764329159259797,2.06,1,1,1,1,1,1,1,1,1,1,1,0,0,1,1,1,1,1,1,0
1770755087.0133674,hold,0.5642930865287781,1.9384262377023698,2.06,1,1,1,1,1,1,1,1,1,1,1,0,0,1,1,1,1,1,1,0
1770755087.0382044,hold,0.5632327795028687,1.9079424107074738,2.06,1,1,1,1,1,1,1,1,1,1,1,0,0,1,1,1,1,1,1,0
1770755087.0636613,hold,0.5632117986679077,1.9073392117023469,2.06,1,1,1,1,1,1,1,1,1,1,1,0,0,1,1,1,1,1,1,0
1770755087.08935,hold,0.5632994174957275,1.9098582530021668,2.06,1,1,1,1,1,1,1,1,1,1,1,0,0,1,1,1,1,1,1,0
1770755087.1140778,hold,0.5623157024383545,1.8815764451026917,2.06,1,1,1,1,1,1,1,1,1,1,1,0,0,1,1,1,1,1,1,0
1770755087.1720073,hold,0.5622453093528748,1.8795526438951493,1.89,1,1,1,1,1,1,1,1,1,1,1,0,0,1,1,1,1,1,1,0
1770755087.1966388,hold,0.5627168416976929,1.8931091988086701,1.89,1,1,1,1,1,1,1,1,1,1,1,0,0,1,1,1,1,1,1,0
1770755087.2212036,hold,0.5617022514343262,1.8639397287368775,1.89,1,1,1,1,1,1,1,1,1,1,1,0,0,1,1,1,1,1,1,0
1770755087.2459807,hold,0.5622416138648987,1.8794463986158372,1.89,1,1,1,1,1,1,1,1,1,1,1,0,0,1,1,1,1,1,1,0
1770755087.2702124,hold,0.5624218583106995,1.8846284264326096,1.89,1,1,1,1,1,1,1,1,1,1,1,0,0,1,1,1,1,1,1,0
1770755087.2947154,hold,0.5624058246612549,1.884167459011078,1.89,1,1,1,1,1,1,1,1,1,1,1,0,0,1,1,1,1,1,1,0
1770755087.3194227,hold,0.5616997480392456,1.8638677561283112,1.89,1,1,1,1,1,1,1,1,1,1,1,0,0,1,1,1,1,1,1,0
1770755087.3641253,hold,0.5616207718849182,1.8615971916913987,1.89,1,1,1,1,1,1,1,1,1,1,1,0,0,1,1,1,1,1,1,0
1770755087.3890555,hold,0.5623897314071655,1.883704777956009,1.89,1,1,1,1,1,1,1,1,1,1,1,0,0,1,1,1,1,1,1,0
1770755087.413733,hold,0.5617578029632568,1.8655368351936341,1.89,1,1,1,1,1,1,1,1,1,1,1,0,0,1,1,1,1,1,1,0
1770755087.4386156,hold,0.5623551607131958,1.8827108705043794,1.89,1,1,1,1,1,1,1,1,1,1,1,0,0,1,1,1,1,1,1,0
1770755087.463216,hold,0.5623206496238708,1.881718676686287,1.89,1,1,1,1,1,1,1,1,1,1,1,0,0,1,1,1,1,1,1,0
1770755087.487865,hold,0.5623144507408142,1.8815404587984086,1.89,1,1,1,1,1,1,1,1,1,1,1,0,0,1,1,1,1,1,1,0
1770755087.5124674,hold,0.5616034865379333,1.8611002379655839,1.89,1,1,1,1,1,1,1,1,1,1,1,0,0,1,1,1,1,1,1,0
1770755087.537199,hold,0.5621391534805298,1.8765006625652314,1.89,1,1,1,1,1,1,1,1,1,1,1,0,0,1,1,1,1,1,1,0
1770755087.5875542,hold,0.562629222869873,1.8905901575088502,1.89,1,1,1,1,1,1,1,1,1,1,1,0,0,1,1,1,1,1,1,0
1770755087.612383,hold,0.5619133114814758,1.8700077050924302,1.89,1,1,1,1,1,1,1,1,1,1,1,0,0,1,1,1,1,1,1,0
1770755087.637037,hold,0.56183922290802,1.8678776586055756,1.89,1,1,1,1,1,1,1,1,1,1,1,0,0,1,1,1,1,1,1,0
1770755087.6615908,hold,0.5624082684516907,1.884237717986107,1.89,1,1,1,1,1,1,1,1,1,1,1,0,0,1,1,1,1,1,1,0
1770755087.6861124,hold,0.5622478127479553,1.8796246165037156,1.89,1,1,1,1,1,1,1,1,1,1,1,0,0,1,1,1,1,1,1,0
1770755087.710487,hold,0.5622379183769226,1.879340153336525,1.89,1,1,1,1,1,1,1,1,1,1,1,0,0,1,1,1,1,1,1,0
1770755087.7350814,hold,0.5622848272323608,1.8806887829303742,1.89,1,1,1,1,1,1,1,1,1,1,1,0,0,1,1,1,1,1,1,0
1770755087.7598224,hold,0.5623663067817688,1.883031319975853,1.89,1,1,1,1,1,1,1,1,1,1,1,0,0,1,1,1,1,1,1,0
1770755087.8117547,hold,0.5623724460601807,1.8832078242301942,1.89,1,1,1,1,1,1,1,1,1,1,1,0,0,1,1,1,1,1,1,0
1770755087.8362818,hold,0.5618861317634583,1.8692262881994248,1.89,1,1,1,1,1,1,1,1,1,1,1,0,0,1,1,1,1,1,1,0
1770755087.8608305,hold,0.5621021389961243,1.8754364961385728,1.89,1,1,1,1,1,1,1,1,1,1,1,0,0,1,1,1,1,1,1,0
1770755087.8854444,hold,0.5620638728141785,1.874336343407631,1.89,1,1,1,1,1,1,1,1,1,1,1,0,0,1,1,1,1,1,1,0
1770755087.9100878,hold,0.561659038066864,1.8626973444223405,1.89,1,1,1,1,1,1,1,1,1,1,1,0,0,1,1,1,1,1,1,0
1770755087.9350317,hold,0.5617614984512329,1.8656430804729462,1.89,1,1,1,1,1,1,1,1,1,1,1,0,0,1,1,1,1,1,1,0
1770755087.959852,hold,0.5618676543235779,1.8686950618028642,1.89,1,1,1,1,1,1,1,1,1,1,1,0,0,1,1,1,1,1,1,0
1770755087.9843955,hold,0.5624070167541504,1.8842017316818238,1.89,1,1,1,1,1,1,1,1,1,1,1,0,0,1,1,1,1,1,1,0
1770755088.035246,hold,0.5633155107498169,1.9103209340572358,1.91,1,1,1,1,1,1,1,1,1,1,1,0,0,1,1,1,1,1,1,0
1770755088.059956,hold,0.5641696453094482,1.934877302646637,1.91,1,1,1,1,1,1,1,1,1,1,1,0,0,1,1,1,1,1,1,0
1770755088.0842333,hold,0.5641078948974609,1.933101978302002,1.91,1,1,1,1,1,1,1,1,1,1,1,0,0,1,1,1,1,1,1,0
1770755088.1088133,hold,0.5638154149055481,1.9246931785345078,1.91,1,1,1,1,1,1,1,1,1,1,1,0,0,1,1,1,1,1,1,0
1770755088.133638,hold,0.5639264583587646,1.9278856778144837,1.91,1,1,1,1,1,1,1,1,1,1,1,0,0,1,1,1,1,1,1,0
1770755088.158086,hold,0.565280556678772,1.9668160045146943,1.91,1,1,1,1,1,1,1,1,1,1,1,0,0,1,1,1,1,1,1,0
1770755088.1827636,hold,0.5653163194656372,1.9678441846370698,1.91,1,1,1,1,1,1,1,1,1,1,1,0,0,1,1,1,1,1,1,0
1770755088.2075129,hold,0.5649139285087585,1.9562754446268082,1.91,1,1,1,1,1,1,1,1,1,1,1,0,0,1,1,1,1,1,1,0
1770755088.2591634,hold,0.5648485422134399,1.9543955886363984,1.96,1,1,1,1,1,1,1,1,1,1,1,0,0,1,1,1,1,1,1,0
1770755088.2835703,hold,0.5649028420448303,1.9559567087888718,1.96,1,1,1,1,1,1,1,1,1,1,1,0,0,1,1,1,1,1,1,0
1770755088.3081908,hold,0.5650855302810669,1.9612089955806733,1.96,1,1,1,1,1,1,1,1,1,1,1,0,0,1,1,1,1,1,1,0
1770755088.3328717,hold,0.5647966861724854,1.952904727458954,1.96,1,1,1,1,1,1,1,1,1,1,1,0,0,1,1,1,1,1,1,0
1770755088.4027684,return,0.5671505331993103,2.020577829480171,1.96,1,1,1,1,1,1,1,1,1,1,1,0,0,1,1,1,1,1,1,0
1770755088.427431,return,0.5675023198127747,2.0306916946172713,1.96,1,1,1,1,1,1,1,1,1,1,1,0,0,1,1,1,1,1,1,0
1770755088.482559,return,0.5719384551048279,2.1582305842638014,2.09,1,1,1,1,1,1,1,1,1,1,1,0,0,1,1,1,1,1,1,0
1770755088.5069184,return,0.5722198486328125,2.1663206481933592,2.09,1,1,1,1,1,1,1,1,1,1,1,0,0,1,1,1,1,1,1,0
1770755088.531661,return,0.5738973021507263,2.2145474368333815,2.09,1,1,1,1,1,1,1,1,1,1,1,0,0,1,1,1,1,1,1,0
1770755088.5561993,return,0.5754759907722473,2.25993473470211,2.09,1,1,1,1,1,1,1,1,1,1,1,0,0,1,1,1,1,1,1,0
1770755088.5807655,return,0.5770497918128967,2.305181514620781,2.09,1,1,1,1,1,1,1,1,1,1,1,0,0,1,1,1,1,1,1,0
1770755088.6053843,return,0.5777496099472046,2.325301285982132,2.09,1,1,1,1,1,1,1,1,1,1,1,0,0,1,1,1,1,1,1,0
1770755088.6298127,return,0.5786457657814026,2.3510657662153243,2.09,1,1,1,1,1,1,1,1,1,1,1,0,0,1,1,1,1,1,1,0
1770755088.674775,return,0.582109272480011,2.4506415838003157,2.41,1,1,1,1,1,1,1,1,1,1,1,0,0,1,1,1,1,1,1,0
1770755088.6994066,return,0.5834780931472778,2.4899951779842375,2.41,1,1,1,1,1,1,1,1,1,1,1,0,0,1,1,1,1,1,1,0
1770755088.7241013,return,0.5847790837287903,2.5273986572027205,2.41,1,1,1,1,1,1,1,1,1,1,1,0,0,1,1,1,1,1,1,0
1770755088.7487257,return,0.5856097936630249,2.551281567811966,2.41,1,1,1,1,1,1,1,1,1,1,1,0,0,1,1,1,1,1,1,0
1770755088.773654,return,0.587673544883728,2.6106144154071806,2.41,1,1,1,1,1,1,1,1,1,1,1,0,0,1,1,1,1,1,1,0
1770755088.7980695,return,0.5892893075942993,2.657067593336105,2.41,1,1,1,1,1,1,1,1,1,1,1,0,0,1,1,1,1,1,1,0
1770755088.8228261,return,0.5894386768341064,2.66136195898056,2.41,1,1,1,1,1,1,1,1,1,1,1,0,0,1,1,1,1,1,1,0
1770755088.84801,return,0.5911111831665039,2.709446516036987,2.41,1,1,1,1,1,1,1,1,1,1,1,0,0,1,1,1,1,1,1,0
1770755088.8986444,return,0.5946363806724548,2.8107959443330763,2.76,1,1,1,1,1,1,1,1,1,1,1,0,0,1,1,1,1,1,1,0
1770755088.9234903,return,0.5954930186271667,2.835424285531044,2.76,1,1,1,1,1,1,1,1,1,1,1,0,0,1,1,1,1,1,1,0
1770755088.9480407,return,0.595981776714325,2.849476080536842,2.76,1,1,1,1,1,1,1,1,1,1,1,0,0,1,1,1,1,1,1,0
1770755088.9729328,return,0.598877489566803,2.9327278250455855,2.76,1,1,1,1,1,1,1,1,1,1,1,0,0,1,1,1,1,1,1,0
1770755088.9977715,return,0.5996156334877014,2.9539494627714156,2.76,1,1,1,1,1,1,1,1,1,1,1,0,0,1,1,1,1,1,1,0
1770755089.0225985,return,0.6004006266593933,2.9765180164575575,2.76,1,1,1,1,1,1,1,1,1,1,1,0,0,1,1,1,1,1,1,0
1770755089.0469878,return,0.601773202419281,3.0159795695543288,2.76,1,1,1,1,1,1,1,1,1,1,1,0,0,1,1,1,1,1,1,0
1770755089.0715387,return,0.6035074591636658,3.065839450955391,2.76,1,1,1,1,1,1,1,1,1,1,1,0,0,1,1,1,1,1,1,0
1770755089.1221986,return,0.6052873134613037,3.1170102620124815,3.09,1,1,1,1,1,1,1,1,1,1,1,0,0,1,1,1,1,1,1,0
1770755089.146679,return,0.6062538027763367,3.144796829819679,3.09,1,1,1,1,1,1,1,1,1,1,1,0,0,1,1,1,1,1,1,0
1770755089.171379,return,0.60904461145401,3.2250325793027876,3.09,1,1,1,1,1,1,1,1,1,1,1,0,0,1,1,1,1,1,1,0
1770755089.1960752,return,0.6097778081893921,3.2461119854450224,3.09,1,1,1,1,1,1,1,1,1,1,1,0,0,1,1,1,1,1,1,0
1770755089.2206733,return,0.6102505326271057,3.259702813029289,3.09,1,1,1,1,1,1,1,1,1,1,1,0,0,1,1,1,1,1,1,0
1770755089.2450724,return,0.6119230389595032,3.307787370085716,3.09,1,1,1,1,1,1,1,1,1,1,1,0,0,1,1,1,1,1,1,0
1770755089.2696981,return,0.6136770248413086,3.358214464187622,3.09,1,1,1,1,1,1,1,1,1,1,1,0,0,1,1,1,1,1,1,0
1770755089.294472,return,0.6152618527412415,3.4037782663106917,3.09,1,1,1,1,1,1,1,1,1,1,1,0,0,1,1,1,1,1,1,0
1770755089.3459423,return,0.6170331239700317,3.4547023141384123,3.43,1,1,1,1,1,1,1,1,1,1,1,0,0,1,1,1,1,1,1,0
1770755089.3702078,return,0.619147539138794,3.515491750240326,3.43,1,1,1,1,1,1,1,1,1,1,1,0,0,1,1,1,1,1,1,0
1770755089.3946607,return,0.6200177073478699,3.5405090862512587,3.43,1,1,1,1,1,1,1,1,1,1,1,0,0,1,1,1,1,1,1,0
1770755089.4194305,return,0.6213643550872803,3.5792252087593077,3.43,1,1,1,1,1,1,1,1,1,1,1,0,0,1,1,1,1,1,1,0
1770755089.4441404,return,0.6220728754997253,3.5995951706171034,3.43,1,1,1,1,1,1,1,1,1,1,1,0,0,1,1,1,1,1,1,0
1770755089.4686997,return,0.6237737536430359,3.6484954172372817,3.43,1,1,1,1,1,1,1,1,1,1,1,0,0,1,1,1,1,1,1,0
1770755089.493123,return,0.6254017949104309,3.6953016036748885,3.43,1,1,1,1,1,1,1,1,1,1,1,0,0,1,1,1,1,1,1,0
1770755089.5178063,return,0.6261720061302185,3.717445176243782,3.43,1,1,1,1,1,1,1,1,1,1,1,0,0,1,1,1,1,1,1,0
1770755089.5697377,return,0.6291751265525818,3.8037848883867262,3.77,1,1,1,1,1,1,1,1,1,1,1,0,0,1,1,1,1,1,1,0
1770755089.5944488,return,0.6306378245353699,3.8458374553918837,3.77,1,1,1,1,1,1,1,1,1,1,1,0,0,1,1,1,1,1,1,0
1770755089.6187432,return,0.6314166784286499,3.8682295048236846,3.77,1,1,1,1,1,1,1,1,1,1,1,0,0,1,1,1,1,1,1,0
1770755089.64337,return,0.6327225565910339,3.9057735019922255,3.77,1,1,1,1,1,1,1,1,1,1,1,0,0,1,1,1,1,1,1,0
1770755089.6679442,return,0.634556770324707,3.958507146835327,3.77,1,1,1,1,1,1,1,1,1,1,1,0,0,1,1,1,1,1,1,0
1770755089.6924746,return,0.6358614563941956,3.996016871333122,3.77,1,1,1,1,1,1,1,1,1,1,1,0,0,1,1,1,1,1,1,0
1770755089.7168274,return,0.6367316246032715,4.021034207344055,3.77,1,1,1,1,1,1,1,1,1,1,1,0,0,1,1,1,1,1,1,0
1770755089.7413676,return,0.6373735070228577,4.039488326907158,3.77,1,1,1,1,1,1,1,1,1,1,1,0,0,1,1,1,1,1,1,0
1770755089.7937062,return,0.6408061385154724,4.138176482319832,4.1,1,1,1,1,1,1,1,1,1,1,1,0,0,1,1,1,1,1,1,0
1770755089.8181536,return,0.6419132947921753,4.1700072252750395,4.1,1,1,1,1,1,1,1,1,1,1,1,0,0,1,1,1,1,1,1,0
1770755089.842769,return,0.6430858969688416,4.2037195378541945,4.1,1,1,1,1,1,1,1,1,1,1,1,0,0,1,1,1,1,1,1,0
1770755089.8674514,return,0.6445362567901611,4.245417382717132,4.1,1,1,1,1,1,1,1,1,1,1,1,0,0,1,1,1,1,1,1,0
1770755089.8918467,return,0.6463914513587952,4.298754226565361,4.1,1,1,1,1,1,1,1,1,1,1,1,0,0,1,1,1,1,1,1,0
1770755089.9164155,return,0.6475257873535156,4.331366386413574,4.1,1,1,1,1,1,1,1,1,1,1,1,0,0,1,1,1,1,1,1,0
1770755089.940915,return,0.6483663320541382,4.355532046556473,4.1,1,1,1,1,1,1,1,1,1,1,1,0,0,1,1,1,1,1,1,0
1770755089.965717,return,0.6496450901031494,4.3922963404655455,4.1,1,1,1,1,1,1,1,1,1,1,1,0,0,1,1,1,1,1,1,0
1770755090.0173488,return,0.6523655652999878,4.470510002374649,4.44,1,1,1,1,1,1,1,1,1,1,1,0,0,1,1,1,1,1,1,0
1770755090.0418105,return,0.653583824634552,4.50553495824337,4.44,1,1,1,1,1,1,1,1,1,1,1,0,0,1,1,1,1,1,1,0
1770755090.0663874,return,0.6555772423744202,4.56284571826458,4.44,1,1,1,1,1,1,1,1,1,1,1,0,0,1,1,1,1,1,1,0
1770755090.0909414,return,0.6567498445510864,4.596558030843735,4.44,1,1,1,1,1,1,1,1,1,1,1,0,0,1,1,1,1,1,1,0
1770755090.1154287,return,0.6573448181152344,4.613663520812988,4.44,1,1,1,1,1,1,1,1,1,1,1,0,0,1,1,1,1,1,1,0
1770755090.1400595,return,0.658560574054718,4.648616504073143,4.44,1,1,1,1,1,1,1,1,1,1,1,0,0,1,1,1,1,1,1,0
1770755090.1649525,return,0.6606725454330444,4.709335681200027,4.44,1,1,1,1,1,1,1,1,1,1,1,0,0,1,1,1,1,1,1,0
1770755090.189672,return,0.6615501046180725,4.7345655077695845,4.44,1,1,1,1,1,1,1,1,1,1,1,0,0,1,1,1,1,1,1,0
1770755090.2411776,return,0.6638780236244202,4.80149317920208,4.78,1,1,1,1,1,1,1,1,1,1,1,0,0,1,1,1,1,1,1,0
1770755090.2658548,return,0.6657863259315491,4.856356870532036,4.78,1,1,1,1,1,1,1,1,1,1,1,0,0,1,1,1,1,1,1,0
1770755090.2904215,return,0.6671218276023865,4.894752543568611,4.78,1,1,1,1,1,1,1,1,1,1,1,0,0,1,1,1,1,1,1,0
1770755090.3148055,return,0.667566180229187,4.9075276815891264,4.78,1,1,1,1,1,1,1,1,1,1,1,0,0,1,1,1,1,1,1,0
1770755090.3395817,return,0.6688807606697083,4.945321869254112,4.78,1,1,1,1,1,1,1,1,1,1,1,0,0,1,1,1,1,1,1,0
1770755090.3641748,return,0.6707779169082642,4.9998651111125945,4.78,1,1,1,1,1,1,1,1,1,1,1,0,0,1,1,1,1,1,1,0
1770755090.3889577,return,0.6714863777160645,5.020233359336853,4.78,1,1,1,1,1,1,1,1,1,1,1,0,0,1,1,1,1,1,1,0
1770755090.4136035,return,0.6729786992073059,5.063137602210045,4.78,1,1,1,1,1,1,1,1,1,1,1,0,0,1,1,1,1,1,1,0
1770755090.4647846,return,0.6760373711585999,5.151074420809746,5.11,1,1,1,1,1,1,1,1,1,1,1,0,0,1,1,1,1,1,1,0
1770755090.4893868,return,0.6775975227355957,5.195928778648376,5.11,1,1,1,1,1,1,1,1,1,1,1,0,0,1,1,1,1,1,1,0
1770755090.5141957,return,0.6783134341239929,5.216511231064796,5.11,1,1,1,1,1,1,1,1,1,1,1,0,0,1,1,1,1,1,1,0
1770755090.5390513,return,0.6796378493309021,5.254588168263435,5.11,1,1,1,1,1,1,1,1,1,1,1,0,0,1,1,1,1,1,1,0
1770755090.563833,return,0.6811733245849609,5.298733081817627,5.11,1,1,1,1,1,1,1,1,1,1,1,0,0,1,1,1,1,1,1,0
1770755090.5887604,return,0.682660698890686,5.341495093107223,5.11,1,1,1,1,1,1,1,1,1,1,1,0,0,1,1,1,1,1,1,0
1770755090.6134295,return,0.6833223104476929,5.36051642537117,5.11,1,1,1,1,1,1,1,1,1,1,1,0,0,1,1,1,1,1,1,0
1770755090.6377778,return,0.684370219707489,5.390643816590309,5.11,1,1,1,1,1,1,1,1,1,1,1,0,0,1,1,1,1,1,1,0
1770755090.6885307,return,0.6877201795578003,5.486955162286758,5.45,1,1,1,1,1,1,1,1,1,1,1,0,0,1,1,1,1,1,1,0
1770755090.7130845,return,0.688399076461792,5.50647344827652,5.45,1,1,1,1,1,1,1,1,1,1,1,0,0,1,1,1,1,1,1,0
1770755090.7377102,return,0.6897111535072327,5.544195663332939,5.45,1,1,1,1,1,1,1,1,1,1,1,0,0,1,1,1,1,1,1,0
1770755090.7623782,return,0.6915119886398315,5.595969673395157,5.45,1,1,1,1,1,1,1,1,1,1,1,0,0,1,1,1,1,1,1,0
1770755090.7869754,return,0.6928561925888062,5.634615536928177,5.45,1,1,1,1,1,1,1,1,1,1,1,0,0,1,1,1,1,1,1,0
1770755090.811696,return,0.6938523054122925,5.663253780603409,5.45,1,1,1,1,1,1,1,1,1,1,1,0,0,1,1,1,1,1,1,0
1770755090.8360403,return,0.6946299076080322,5.685609843730926,5.45,1,1,1,1,1,1,1,1,1,1,1,0,0,1,1,1,1,1,1,0
1770755090.8603392,return,0.6964505314826965,5.737952780127525,5.45,1,1,1,1,1,1,1,1,1,1,1,0,0,1,1,1,1,1,1,0
1770755090.912366,return,0.6987056136131287,5.802786391377449,5.78,1,1,1,1,1,1,1,1,1,1,1,0,0,1,1,1,1,1,1,0
1770755090.9368312,return,0.7003694772720337,5.8506224715709685,5.78,1,1,1,1,1,1,1,1,1,1,1,0,0,1,1,1,1,1,1,0
1770755090.9611607,return,0.7021394968032837,5.901510533094406,5.78,1,1,1,1,1,1,1,1,1,1,1,0,0,1,1,1,1,1,1,0
1770755090.9858356,return,0.7032368183135986,5.9330585265159606,5.78,1,1,1,1,1,1,1,1,1,1,1,0,0,1,1,1,1,1,1,0
1770755091.010831,return,0.7040230631828308,5.955663066506386,5.78,1,1,1,1,1,1,1,1,1,1,1,0,0,1,1,1,1,1,1,0
1770755091.0354981,return,0.7051623463630676,5.988417457938194,5.78,1,1,1,1,1,1,1,1,1,1,1,0,0,1,1,1,1,1,1,0
1770755091.0603905,return,0.7072940468788147,6.049703847765922,5.78,1,1,1,1,1,1,1,1,1,1,1,0,0,1,1,1,1,1,1,0
1770755091.1199389,return,0.7092294692993164,6.1053472423553465,6.08,1,1,1,1,1,1,1,1,1,1,1,0,0,1,1,1,1,1,1,0
1770755091.1446857,return,0.7105970978736877,6.1446665638685225,6.08,1,1,1,1,1,1,1,1,1,1,1,0,0,1,1,1,1,1,1,0
1770755091.169357,return,0.7133373022079468,6.22344743847847,6.08,1,1,1,1,1,1,1,1,1,1,1,0,0,1,1,1,1,1,1,0
1770755091.1939785,return,0.7142729163169861,6.25034634411335,6.08,1,1,1,1,1,1,1,1,1,1,1,0,0,1,1,1,1,1,1,0
1770755091.218434,return,0.7147221565246582,6.263262000083923,6.08,1,1,1,1,1,1,1,1,1,1,1,0,0,1,1,1,1,1,1,0
1770755091.2428503,return,0.7161959409713745,6.305633302927017,6.08,1,1,1,1,1,1,1,1,1,1,1,0,0,1,1,1,1,1,1,0
1770755091.2673895,return,0.7177944183349609,6.351589527130127,6.08,1,1,1,1,1,1,1,1,1,1,1,0,0,1,1,1,1,1,1,0
1770755091.3122494,return,0.7192348837852478,6.393002908825874,6.39,1,1,1,1,1,1,1,1,1,1,1,0,0,1,1,1,1,1,1,0
1770755091.3368428,return,0.720669150352478,6.434238072633743,6.39,1,1,1,1,1,1,1,1,1,1,1,0,0,1,1,1,1,1,1,0
1770755091.3616138,return,0.7220466136932373,6.473840143680572,6.39,1,1,1,1,1,1,1,1,1,1,1,0,0,1,1,1,1,1,1,0
1770755091.3859713,return,0.7246350049972534,6.548256393671036,6.39,1,1,1,1,1,1,1,1,1,1,1,0,0,1,1,1,1,1,1,0
1770755091.4105606,return,0.7247065901756287,6.550314467549324,6.39,1,1,1,1,1,1,1,1,1,1,1,0,0,1,1,1,1,1,1,0
1770755091.4349768,return,0.7261766791343689,6.592579525113106,6.39,1,1,1,1,1,1,1,1,1,1,1,0,0,1,1,1,1,1,1,0
1770755091.4595168,return,0.7284959554672241,6.659258719682693,6.39,1,1,1,1,1,1,1,1,1,1,1,0,0,1,1,1,1,1,1,0
1770755091.4837043,return,0.729398250579834,6.685199704170227,6.39,1,1,1,1,1,1,1,1,1,1,1,0,0,1,1,1,1,1,1,0
1770755091.5357258,return,0.7318952679634094,6.756988953948021,6.72,1,1,1,1,1,1,1,1,1,1,1,0,0,1,1,1,1,1,1,0
1770755091.560045,return,0.733345627784729,6.798686798810959,6.72,1,1,1,1,1,1,1,1,1,1,1,0,0,1,1,1,1,1,1,0
1770755091.5849543,return,0.7341306209564209,6.821255352497101,6.72,1,1,1,1,1,1,1,1,1,1,1,0,0,1,1,1,1,1,1,0
1770755091.6097229,return,0.735246479511261,6.853336285948753,6.72,1,1,1,1,1,1,1,1,1,1,1,0,0,1,1,1,1,1,1,0
1770755091.6339996,return,0.7366400361061096,6.893401038050651,6.72,1,1,1,1,1,1,1,1,1,1,1,0,0,1,1,1,1,1,1,0
1770755091.658691,return,0.7380903363227844,6.935097169280052,6.72,1,1,1,1,1,1,1,1,1,1,1,0,0,1,1,1,1,1,1,0
1770755091.683004,return,0.7392197251319885,6.96756709754467,6.72,1,1,1,1,1,1,1,1,1,1,1,0,0,1,1,1,1,1,1,0
1770755091.7080178,return,0.74049973487854,7.004367377758026,6.72,1,1,1,1,1,1,1,1,1,1,1,0,0,1,1,1,1,1,1,0
1770755091.7596338,return,0.7437398433685303,7.097520496845245,7.06,1,1,1,1,1,1,1,1,1,1,1,0,0,1,1,1,1,1,1,0
1770755091.7840722,return,0.7451555728912354,7.138222720623016,7.06,1,1,1,1,1,1,1,1,1,1,1,0,0,1,1,1,1,1,1,0
1770755091.8086355,return,0.7456258535385132,7.151743289232254,7.06,1,1,1,1,1,1,1,1,1,1,1,0,0,1,1,1,1,1,1,0
1770755091.8331652,return,0.7468490600585938,7.18691047668457,7.06,1,1,1,1,1,1,1,1,1,1,1,0,0,1,1,1,1,1,1,0
1770755091.8580348,return,0.7484919428825378,7.234143357872963,7.06,1,1,1,1,1,1,1,1,1,1,1,0,0,1,1,1,1,1,1,0
1770755091.8828902,return,0.749465823173523,7.262142416238785,7.06,1,1,1,1,1,1,1,1,1,1,1,0,0,1,1,1,1,1,1,0
1770755091.9076154,return,0.7506137490272522,7.2951452845335005,7.06,1,1,1,1,1,1,1,1,1,1,1,0,0,1,1,1,1,1,1,0
1770755091.93206,return,0.7520937323570251,7.337694805264473,7.06,1,1,1,1,1,1,1,1,1,1,1,0,0,1,1,1,1,1,1,0
1770755091.9833667,return,0.7548894286155701,7.418071072697639,7.39,1,1,1,1,1,1,1,1,1,1,1,0,0,1,1,1,1,1,1,0
1770755092.0079372,return,0.7558090090751648,7.444509010910988,7.39,1,1,1,1,1,1,1,1,1,1,1,0,0,1,1,1,1,1,1,0
1770755092.0323424,return,0.7574765682220459,7.492451336383819,7.39,1,1,1,1,1,1,1,1,1,1,1,0,0,1,1,1,1,1,1,0
1770755092.057016,return,0.7586010694503784,7.524780746698379,7.39,1,1,1,1,1,1,1,1,1,1,1,0,0,1,1,1,1,1,1,0
1770755092.0817223,return,0.7602636814117432,7.572580840587616,7.39,1,1,1,1,1,1,1,1,1,1,1,0,0,1,1,1,1,1,1,0
1770755092.1064365,return,0.7613005042076111,7.6023894959688185,7.39,1,1,1,1,1,1,1,1,1,1,1,0,0,1,1,1,1,1,1,0
1770755092.1312032,return,0.7623089551925659,7.63138246178627,7.39,1,1,1,1,1,1,1,1,1,1,1,0,0,1,1,1,1,1,1,0
1770755092.1562078,return,0.7641838788986206,7.685286518335342,7.39,1,1,1,1,1,1,1,1,1,1,1,0,0,1,1,1,1,1,1,0
1770755092.2073975,return,0.7660871744155884,7.740006264448166,7.73,1,1,1,1,1,1,1,1,1,1,1,0,0,1,1,1,1,1,1,0
1770755092.2318175,return,0.7676819562911987,7.785856243371963,7.73,1,1,1,1,1,1,1,1,1,1,1,0,0,1,1,1,1,1,1,0
1770755092.256214,return,0.7688508629798889,7.819462310671806,7.73,1,1,1,1,1,1,1,1,1,1,1,0,0,1,1,1,1,1,1,0
1770755092.2805824,return,0.7698580622673035,7.8484192901849745,7.73,1,1,1,1,1,1,1,1,1,1,1,0,0,1,1,1,1,1,1,0
1770755092.3050852,return,0.7719650268554688,7.908994522094726,7.73,1,1,1,1,1,1,1,1,1,1,1,0,0,1,1,1,1,1,1,0
1770755092.329784,return,0.7725278735160828,7.925176363587379,7.73,1,1,1,1,1,1,1,1,1,1,1,0,0,1,1,1,1,1,1,0
1770755092.3543942,return,0.7739596962928772,7.966341268420219,7.73,1,1,1,1,1,1,1,1,1,1,1,0,0,1,1,1,1,1,1,0
1770755092.379377,return,0.7756605744361877,8.015241515040398,7.73,1,1,1,1,1,1,1,1,1,1,1,0,0,1,1,1,1,1,1,0
1770755092.431009,return,0.7781798243522644,8.087669950127601,8.06,1,1,1,1,1,1,1,1,1,1,1,0,0,1,1,1,1,1,1,0
1770755092.4558575,return,0.7786501049995422,8.10119051873684,8.06,1,1,1,1,1,1,1,1,1,1,1,0,0,1,1,1,1,1,1,0
1770755092.4801824,return,0.7815779447555542,8.185365911722183,8.06,1,1,1,1,1,1,1,1,1,1,1,0,0,1,1,1,1,1,1,0
1770755092.5049617,return,0.782253086566925,8.204776238799095,8.06,1,1,1,1,1,1,1,1,1,1,1,0,0,1,1,1,1,1,1,0
1770755092.5295677,return,0.7826530337333679,8.216274719834328,8.06,1,1,1,1,1,1,1,1,1,1,1,0,0,1,1,1,1,1,1,0
1770755092.5543587,return,0.7847068905830383,8.275323104262352,8.06,1,1,1,1,1,1,1,1,1,1,1,0,0,1,1,1,1,1,1,0
1770755092.57888,return,0.786086916923523,8.314998861551285,8.06,1,1,1,1,1,1,1,1,1,1,1,0,0,1,1,1,1,1,1,0
1770755092.6037366,return,0.7868472337722778,8.336857970952988,8.06,1,1,1,1,1,1,1,1,1,1,1,0,0,1,1,1,1,1,1,0
1770755092.65493,return,0.7893862128257751,8.409853618741035,8.4,1,1,1,1,1,1,1,1,1,1,1,0,0,1,1,1,1,1,1,0
1770755092.6797419,return,0.7913599014282227,8.466597166061401,8.4,1,1,1,1,1,1,1,1,1,1,1,0,0,1,1,1,1,1,1,0
1770755092.704345,return,0.7926942110061646,8.50495856642723,8.4,1,1,1,1,1,1,1,1,1,1,1,0,0,1,1,1,1,1,1,0
1770755092.7288506,return,0.7927337288856506,8.506094705462456,8.4,1,1,1,1,1,1,1,1,1,1,1,0,0,1,1,1,1,1,1,0
1770755092.7535348,return,0.7943679690361023,8.55307910978794,8.4,1,1,1,1,1,1,1,1,1,1,1,0,0,1,1,1,1,1,1,0
1770755092.7781522,return,0.7964625954627991,8.613299619555473,8.4,1,1,1,1,1,1,1,1,1,1,1,0,0,1,1,1,1,1,1,0
1770755092.8028505,return,0.7977820634841919,8.651234325170517,8.4,1,1,1,1,1,1,1,1,1,1,1,0,0,1,1,1,1,1,1,0
1770755092.8276558,return,0.7987386584281921,8.678736429810524,8.4,1,1,1,1,1,1,1,1,1,1,1,0,0,1,1,1,1,1,1,0
1770755092.8788376,return,0.8019441962242126,8.770895641446113,8.73,1,1,1,1,1,1,1,1,1,1,1,0,0,1,1,1,1,1,1,0
1770755092.9034584,return,0.8028440475463867,8.796766366958618,8.73,1,1,1,1,1,1,1,1,1,1,1,0,0,1,1,1,1,1,1,0
1770755092.9282176,return,0.8035821318626404,8.81798629105091,8.73,1,1,1,1,1,1,1,1,1,1,1,0,0,1,1,1,1,1,1,0
1770755092.9525805,return,0.8051435351371765,8.862876635193825,8.73,1,1,1,1,1,1,1,1,1,1,1,0,0,1,1,1,1,1,1,0
1770755092.977205,return,0.8067839741706848,8.910039257407188,8.73,1,1,1,1,1,1,1,1,1,1,1,0,0,1,1,1,1,1,1,0
1770755093.0017638,return,0.8081713318824768,8.949925791621208,8.73,1,1,1,1,1,1,1,1,1,1,1,0,0,1,1,1,1,1,1,0
1770755093.0262332,return,0.8088774085044861,8.970225494503975,8.73,1,1,1,1,1,1,1,1,1,1,1,0,0,1,1,1,1,1,1,0
1770755093.0505824,return,0.8098907470703125,8.999358978271484,8.73,1,1,1,1,1,1,1,1,1,1,1,0,0,1,1,1,1,1,1,0
1770755093.102367,return,0.8136184215545654,9.106529619693756,9.07,1,1,1,1,1,1,1,1,1,1,1,0,0,1,1,1,1,1,1,0
1770755093.1270804,return,0.8145601749420166,9.133605029582977,9.07,1,1,1,1,1,1,1,1,1,1,1,0,0,1,1,1,1,1,1,0
1770755093.1513426,return,0.8150551319122314,9.147835042476654,9.07,1,1,1,1,1,1,1,1,1,1,1,0,0,1,1,1,1,1,1,0
1770755093.1757972,return,0.8175126910209656,9.21848986685276,9.07,1,1,1,1,1,1,1,1,1,1,1,0,0,1,1,1,1,1,1,0
1770755093.2003655,return,0.8186630606651306,9.251562994122505,9.07,1,1,1,1,1,1,1,1,1,1,1,0,0,1,1,1,1,1,1,0
1770755093.2251031,return,0.8197529911994934,9.282898496985435,9.07,1,1,1,1,1,1,1,1,1,1,1,0,0,1,1,1,1,1,1,0
1770755093.2497096,return,0.8195431232452393,9.276864793300629,9.07,1,1,1,1,1,1,1,1,1,1,1,0,0,1,1,1,1,1,1,0
1770755093.2741132,return,0.8224216103553772,9.359621297717094,9.07,1,1,1,1,1,1,1,1,1,1,1,0,0,1,1,1,1,1,1,0
1770755093.3262088,return,0.8243903517723083,9.416222613453865,9.4,1,1,1,1,1,1,1,1,1,1,1,0,0,1,1,1,1,1,1,0
1770755093.350726,return,0.8260788917541504,9.464768137931824,9.4,1,1,1,1,1,1,1,1,1,1,1,0,0,1,1,1,1,1,1,0
1770755093.3754702,return,0.827351450920105,9.501354213953018,9.4,1,1,1,1,1,1,1,1,1,1,1,0,0,1,1,1,1,1,1,0
1770755093.4002697,return,0.829276978969574,9.556713145375252,9.4,1,1,1,1,1,1,1,1,1,1,1,0,0,1,1,1,1,1,1,0
1770755093.4248018,return,0.8296485543251038,9.567395936846733,9.4,1,1,1,1,1,1,1,1,1,1,1,0,0,1,1,1,1,1,1,0
1770755093.4495308,return,0.8305816650390625,9.594222869873047,9.4,1,1,1,1,1,1,1,1,1,1,1,0,0,1,1,1,1,1,1,0
1770755093.4743693,return,0.8326528668403625,9.653769921660423,9.4,1,1,1,1,1,1,1,1,1,1,1,0,0,1,1,1,1,1,1,0
1770755093.533817,return,0.8351301550865173,9.724991958737373,9.7,1,1,1,1,1,1,1,1,1,1,1,0,0,1,1,1,1,1,1,0
1770755093.5583994,return,0.8373630046844482,9.789186384677887,9.7,1,1,1,1,1,1,1,1,1,1,1,0,0,1,1,1,1,1,1,0
1770755093.5830777,return,0.8382431268692017,9.814489897489548,9.7,1,1,1,1,1,1,1,1,1,1,1,0,0,1,1,1,1,1,1,0
1770755093.6080713,return,0.8387578129768372,9.829287123084068,9.7,1,1,1,1,1,1,1,1,1,1,1,0,0,1,1,1,1,1,1,0
1770755093.6326702,return,0.8408191204071045,9.888549711704254,9.7,1,1,1,1,1,1,1,1,1,1,1,0,0,1,1,1,1,1,1,0
1770755093.6573794,return,0.8421324491500854,9.926307913064957,9.7,1,1,1,1,1,1,1,1,1,1,1,0,0,1,1,1,1,1,1,0
1770755093.6820724,return,0.8432297706604004,9.957855906486511,9.7,1,1,1,1,1,1,1,1,1,1,1,0,0,1,1,1,1,1,1,0
1770755093.7415867,return,0.8463303446769714,10.046997409462929,10.02,1,1,1,1,1,1,1,1,1,1,1,0,0,1,1,1,1,1,1,0
1770755093.7661512,return,0.8483386039733887,10.104734864234924,10.02,1,1,1,1,1,1,1,1,1,1,1,0,0,1,1,1,1,1,1,0
1770755093.7911441,return,0.849037230014801,10.12482036292553,10.02,1,1,1,1,1,1,1,1,1,1,1,0,0,1,1,1,1,1,1,0
1770755093.8155172,return,0.8499876856803894,10.152145963311195,10.02,1,1,1,1,1,1,1,1,1,1,1,0,0,1,1,1,1,1,1,0
1770755093.8401585,return,0.8510429859161377,10.182485845088959,10.02,1,1,1,1,1,1,1,1,1,1,1,0,0,1,1,1,1,1,1,0
1770755093.8644779,return,0.852385938167572,10.221095722317695,10.02,1,1,1,1,1,1,1,1,1,1,1,0,0,1,1,1,1,1,1,0
1770755093.889014,return,0.8544460535049438,10.280324038267135,10.02,1,1,1,1,1,1,1,1,1,1,1,0,0,1,1,1,1,1,1,0
1770755093.9339254,return,0.8551397323608398,10.300267305374145,10.32,1,1,1,1,1,1,1,1,1,1,1,0,0,1,1,1,1,1,1,0
1770755093.9588044,return,0.8577330112457275,10.374824073314667,10.32,1,1,1,1,1,1,1,1,1,1,1,0,0,1,1,1,1,1,1,0
1770755093.983567,return,0.8588562607765198,10.407117497324943,10.32,1,1,1,1,1,1,1,1,1,1,1,0,0,1,1,1,1,1,1,0
1770755094.0080988,return,0.8601337671279907,10.443845804929733,10.32,1,1,1,1,1,1,1,1,1,1,1,0,0,1,1,1,1,1,1,0
1770755094.0328267,return,0.8610607385635376,10.470496233701706,10.32,1,1,1,1,1,1,1,1,1,1,1,0,0,1,1,1,1,1,1,0
1770755094.05773,return,0.862799882888794,10.520496633052826,10.32,1,1,1,1,1,1,1,1,1,1,1,0,0,1,1,1,1,1,1,0
1770755094.082442,return,0.8644082546234131,10.566737320423126,10.32,1,1,1,1,1,1,1,1,1,1,1,0,0,1,1,1,1,1,1,0
1770755094.107054,return,0.8648735880851746,10.580115657448768,10.32,1,1,1,1,1,1,1,1,1,1,1,0,0,1,1,1,1,1,1,0
1770755094.1575058,return,0.8681679964065552,10.674829896688461,10.65,1,1,1,1,1,1,1,1,1,1,1,0,0,1,1,1,1,1,1,0
1770755094.1822283,return,0.8690208792686462,10.69935027897358,10.65,1,1,1,1,1,1,1,1,1,1,1,0,0,1,1,1,1,1,1,0
1770755094.20651,return,0.8702934980392456,10.735938068628311,10.65,1,1,1,1,1,1,1,1,1,1,1,0,0,1,1,1,1,1,1,0
1770755094.2312753,return,0.8714796304702759,10.770039376020431,10.65,1,1,1,1,1,1,1,1,1,1,1,0,0,1,1,1,1,1,1,0
1770755094.256112,return,0.8728485107421875,10.80939468383789,10.65,1,1,1,1,1,1,1,1,1,1,1,0,0,1,1,1,1,1,1,0
1770755094.2817426,return,0.8747715950012207,10.864683356285095,10.65,1,1,1,1,1,1,1,1,1,1,1,0,0,1,1,1,1,1,1,0
1770755094.3065634,return,0.8753405809402466,10.881041702032089,10.65,1,1,1,1,1,1,1,1,1,1,1,0,0,1,1,1,1,1,1,0
1770755094.3309755,return,0.8768069744110107,10.923200514316559,10.65,1,1,1,1,1,1,1,1,1,1,1,0,0,1,1,1,1,1,1,0
1770755094.3812523,return,0.8799915313720703,11.014756526947021,10.99,1,1,1,1,1,1,1,1,1,1,1,0,0,1,1,1,1,1,1,0
1770755094.4060626,return,0.8809530735015869,11.042400863170624,10.99,1,1,1,1,1,1,1,1,1,1,1,0,0,1,1,1,1,1,1,0
1770755094.4306495,return,0.8816986083984375,11.063834991455078,10.99,1,1,1,1,1,1,1,1,1,1,1,0,0,1,1,1,1,1,1,0
1770755094.4553008,return,0.8830291628837585,11.102088432908058,10.99,1,1,1,1,1,1,1,1,1,1,1,0,0,1,1,1,1,1,1,0
1770755094.4798791,return,0.8847770094871521,11.152339022755623,10.99,1,1,1,1,1,1,1,1,1,1,1,0,0,1,1,1,1,1,1,0
1770755094.5044997,return,0.8864285349845886,11.199820380806923,10.99,1,1,1,1,1,1,1,1,1,1,1,0,0,1,1,1,1,1,1,0
1770755094.5289822,return,0.8860409259796143,11.18867662191391,10.99,1,1,1,1,1,1,1,1,1,1,1,0,0,1,1,1,1,1,1,0
1770755094.553722,return,0.8885589241981506,11.26106907069683,10.99,1,1,1,1,1,1,1,1,1,1,1,0,0,1,1,1,1,1,1,0
1770755094.6050618,return,0.8912299871444702,11.337862130403519,11.32,1,1,1,1,1,1,1,1,1,1,1,0,0,1,1,1,1,1,1,0
1770755094.6297288,return,0.8922014236450195,11.365790929794311,11.32,1,1,1,1,1,1,1,1,1,1,1,0,0,1,1,1,1,1,1,0
1770755094.6545746,return,0.8928976058959961,11.385806169509888,11.32,1,1,1,1,1,1,1,1,1,1,1,0,0,1,1,1,1,1,1,0
1770755094.6791635,return,0.895778477191925,11.468631219267845,11.32,1,1,1,1,1,1,1,1,1,1,1,0,0,1,1,1,1,1,1,0
1770755094.7036786,return,0.8964129090309143,11.486871134638786,11.32,1,1,1,1,1,1,1,1,1,1,1,0,0,1,1,1,1,1,1,0
1770755094.7286408,return,0.8976361155509949,11.522038322091102,11.32,1,1,1,1,1,1,1,1,1,1,1,0,0,1,1,1,1,1,1,0
1770755094.753431,return,0.8982570171356201,11.539889242649078,11.32,1,1,1,1,1,1,1,1,1,1,1,0,0,1,1,1,1,1,1,0
1770755094.777994,return,0.9001985788345337,11.595709141492843,11.32,1,1,1,1,1,1,1,1,1,1,1,0,0,1,1,1,1,1,1,0
1770755094.8288195,return,0.9027820229530334,11.669983159899711,11.66,1,1,1,1,1,1,1,1,1,1,1,0,0,1,1,1,1,1,1,0
1770755094.8530974,return,0.9029881358146667,11.675908904671669,11.66,1,1,1,1,1,1,1,1,1,1,1,0,0,1,1,1,1,1,1,0
1770755094.8774683,return,0.9059134721755981,11.760012325048447,11.66,1,1,1,1,1,1,1,1,1,1,1,0,0,1,1,1,1,1,1,0
1770755094.9020753,return,0.9069293141365051,11.789217781424522,11.66,1,1,1,1,1,1,1,1,1,1,1,0,0,1,1,1,1,1,1,0
1770755094.926599,return,0.907545268535614,11.806926470398903,11.66,1,1,1,1,1,1,1,1,1,1,1,0,0,1,1,1,1,1,1,0
1770755094.9510632,return,0.9095300436019897,11.863988753557205,11.66,1,1,1,1,1,1,1,1,1,1,1,0,0,1,1,1,1,1,1,0
1770755094.9754717,return,0.9110568761825562,11.90788519024849,11.66,1,1,1,1,1,1,1,1,1,1,1,0,0,1,1,1,1,1,1,0
1770755095.0000768,return,0.9122393727302551,11.941881965994835,11.66,1,1,1,1,1,1,1,1,1,1,1,0,0,1,1,1,1,1,1,0
1770755095.0524602,return,0.9142217040061951,11.998873990178108,11.99,1,1,1,1,1,1,1,1,1,1,1,0,0,1,1,1,1,1,1,0
1770755095.0770655,return,0.9160805940628052,12.052317079305649,11.99,1,1,1,1,1,1,1,1,1,1,1,0,0,1,1,1,1,1,1,0
1770755095.10156,return,0.917424738407135,12.090961229205131,11.99,1,1,1,1,1,1,1,1,1,1,1,0,0,1,1,1,1,1,1,0
1770755095.1260478,return,0.9181628823280334,12.112182866930961,11.99,1,1,1,1,1,1,1,1,1,1,1,0,0,1,1,1,1,1,1,0
1770755095.150895,return,0.9191564917564392,12.140749137997627,11.99,1,1,1,1,1,1,1,1,1,1,1,0,0,1,1,1,1,1,1,0
1770755095.1759694,return,0.9206006526947021,12.182268764972687,11.99,1,1,1,1,1,1,1,1,1,1,1,0,0,1,1,1,1,1,1,0
1770755095.200622,return,0.9225755929946899,12.239048298597336,11.99,1,1,1,1,1,1,1,1,1,1,1,0,0,1,1,1,1,1,1,0
1770755095.2602606,return,0.925984799861908,12.337062996029854,12.29,1,1,1,1,1,1,1,1,1,1,1,0,0,1,1,1,1,1,1,0
1770755095.2850766,return,0.9261538982391357,12.341924574375152,12.29,1,1,1,1,1,1,1,1,1,1,1,0,0,1,1,1,1,1,1,0
1770755095.3093865,return,0.9271944165229797,12.371839475035667,12.29,1,1,1,1,1,1,1,1,1,1,1,0,0,1,1,1,1,1,1,0
1770755095.3336334,return,0.9285101890563965,12.409667935371399,12.29,1,1,1,1,1,1,1,1,1,1,1,0,0,1,1,1,1,1,1,0
1770755095.358242,return,0.9308652877807617,12.4773770236969,12.29,1,1,1,1,1,1,1,1,1,1,1,0,0,1,1,1,1,1,1,0
1770755095.3830585,return,0.9318601489067078,12.505979281067848,12.29,1,1,1,1,1,1,1,1,1,1,1,0,0,1,1,1,1,1,1,0
1770755095.407768,return,0.932005763053894,12.510165687799454,12.29,1,1,1,1,1,1,1,1,1,1,1,0,0,1,1,1,1,1,1,0
1770755095.4524262,return,0.9346386194229126,12.585860308408737,12.59,1,1,1,1,1,1,1,1,1,1,1,0,0,1,1,1,1,1,1,0
1770755095.4768314,return,0.9369813203811646,12.65321296095848,12.59,1,1,1,1,1,1,1,1,1,1,1,0,0,1,1,1,1,1,1,0
1770755095.5011435,return,0.9371504187583923,12.65807453930378,12.59,1,1,1,1,1,1,1,1,1,1,1,0,0,1,1,1,1,1,1,0
1770755095.525601,return,0.9383946061134338,12.693844925761223,12.59,1,1,1,1,1,1,1,1,1,1,1,0,0,1,1,1,1,1,1,0
1770755095.55069,return,0.9396474957466125,12.72986550271511,12.59,1,1,1,1,1,1,1,1,1,1,1,0,0,1,1,1,1,1,1,0
1770755095.5756123,return,0.9417322278022766,12.789801549315452,12.59,1,1,1,1,1,1,1,1,1,1,1,0,0,1,1,1,1,1,1,0
1770755095.600531,return,0.9430406093597412,12.82741751909256,12.59,1,1,1,1,1,1,1,1,1,1,1,0,0,1,1,1,1,1,1,0
1770755095.624783,return,0.9433393478393555,12.83600625038147,12.59,1,1,1,1,1,1,1,1,1,1,1,0,0,1,1,1,1,1,1,0
1770755095.675938,return,0.9471471905708313,12.9454817289114,12.92,1,1,1,1,1,1,1,1,1,1,1,0,0,1,1,1,1,1,1,0
1770755095.6799638,hold_return,0.946367084980011,12.923053693175316,12.92,1,1,1,1,1,1,1,1,1,1,1,0,0,1,1,1,1,1,1,0
1770755095.7041874,hold_return,0.9483099579811096,12.978911291956901,12.92,1,1,1,1,1,1,1,1,1,1,1,0,0,1,1,1,1,1,1,0
1770755095.7290008,hold_return,0.9485679268836975,12.986327897906303,12.92,1,1,1,1,1,1,1,1,1,1,1,0,0,1,1,1,1,1,1,0
1770755095.7536566,hold_return,0.949103593826294,13.00172832250595,12.92,1,1,1,1,1,1,1,1,1,1,1,0,0,1,1,1,1,1,1,0
1770755095.7779455,hold_return,0.9517203569412231,13.076960262060165,12.92,1,1,1,1,1,1,1,1,1,1,1,0,0,1,1,1,1,1,1,0
1770755095.8023124,hold_return,0.9534348249435425,13.126251217126846,12.92,1,1,1,1,1,1,1,1,1,1,1,0,0,1,1,1,1,1,1,0
1770755095.827075,hold_return,0.9540075659751892,13.14271752178669,12.92,1,1,1,1,1,1,1,1,1,1,1,0,0,1,1,1,1,1,1,0
1770755095.8833783,hold_return,0.9573167562484741,13.23785674214363,13.21,1,1,1,1,1,1,1,1,1,1,1,0,0,1,1,1,1,1,1,0
1770755095.9081783,hold_return,0.9575487971305847,13.24452791750431,13.21,1,1,1,1,1,1,1,1,1,1,1,0,0,1,1,1,1,1,1,0
1770755095.9328132,hold_return,0.9580240249633789,13.258190717697143,13.21,1,1,1,1,1,1,1,1,1,1,1,0,0,1,1,1,1,1,1,0
1770755095.9574835,hold_return,0.9610308408737183,13.3446366751194,13.21,1,1,1,1,1,1,1,1,1,1,1,0,0,1,1,1,1,1,1,0
1770755095.9820726,hold_return,0.9616899490356445,13.36358603477478,13.21,1,1,1,1,1,1,1,1,1,1,1,0,0,1,1,1,1,1,1,0
1770755096.0063636,hold_return,0.9625762104988098,13.389066051840782,13.21,1,1,1,1,1,1,1,1,1,1,1,0,0,1,1,1,1,1,1,0
1770755096.0309262,hold_return,0.9634328484535217,13.41369439303875,13.21,1,1,1,1,1,1,1,1,1,1,1,0,0,1,1,1,1,1,1,0
1770755096.0757918,hold_return,0.9647782444953918,13.452374529242515,13.48,1,1,1,1,1,1,1,1,1,1,1,0,0,1,1,1,1,1,1,0
1770755096.100204,hold_return,0.9667617678642273,13.509400826096535,13.48,1,1,1,1,1,1,1,1,1,1,1,0,0,1,1,1,1,1,1,0
1770755096.1248581,hold_return,0.9661322832107544,13.491303142309189,13.48,1,1,1,1,1,1,1,1,1,1,1,0,0,1,1,1,1,1,1,0
1770755096.1491146,hold_return,0.96578049659729,13.481189277172088,13.48,1,1,1,1,1,1,1,1,1,1,1,0,0,1,1,1,1,1,1,0
1770755096.1740384,hold_return,0.9675023555755615,13.530692722797394,13.48,1,1,1,1,1,1,1,1,1,1,1,0,0,1,1,1,1,1,1,0
1770755096.198938,hold_return,0.9669666886329651,13.515292298197746,13.48,1,1,1,1,1,1,1,1,1,1,1,0,0,1,1,1,1,1,1,0
1770755096.2233975,hold_return,0.9665889739990234,13.504433002471924,13.48,1,1,1,1,1,1,1,1,1,1,1,0,0,1,1,1,1,1,1,0
1770755096.2476966,hold_return,0.9666358828544617,13.505781632065773,13.48,1,1,1,1,1,1,1,1,1,1,1,0,0,1,1,1,1,1,1,0
1770755096.2992306,hold_return,0.9675628542900085,13.532432060837746,13.56,1,1,1,1,1,1,1,1,1,1,1,0,0,1,1,1,1,1,1,0
1770755096.3238597,hold_return,0.9664285182952881,13.499819900989532,13.56,1,1,1,1,1,1,1,1,1,1,1,0,0,1,1,1,1,1,1,0
1770755096.3481169,hold_return,0.9665087461471558,13.502126451730728,13.56,1,1,1,1,1,1,1,1,1,1,1,0,0,1,1,1,1,1,1,0
1770755096.372761,hold_return,0.9677961468696594,13.539139222502708,13.56,1,1,1,1,1,1,1,1,1,1,1,0,0,1,1,1,1,1,1,0
1770755096.3973765,hold_return,0.9674838781356812,13.530161496400833,13.56,1,1,1,1,1,1,1,1,1,1,1,0,0,1,1,1,1,1,1,0
1770755096.42198,hold_return,0.9668506383895874,13.511955853700638,13.56,1,1,1,1,1,1,1,1,1,1,1,0,0,1,1,1,1,1,1,0
1770755096.4466696,hold_return,0.9666482210159302,13.506136354207992,13.56,1,1,1,1,1,1,1,1,1,1,1,0,0,1,1,1,1,1,1,0
1770755096.4708877,hold_return,0.9667654633522034,13.509507071375847,13.56,1,1,1,1,1,1,1,1,1,1,1,0,0,1,1,1,1,1,1,0
1770755096.523075,hold_return,0.9664766788482666,13.501204516887665,13.56,1,1,1,1,1,1,1,1,1,1,1,0,0,1,1,1,1,1,1,0
1770755096.5477014,hold_return,0.9662174582481384,13.49375192463398,13.56,1,1,1,1,1,1,1,1,1,1,1,0,0,1,1,1,1,1,1,0
1770755096.5720797,hold_return,0.9677937030792236,13.53906896352768,13.56,1,1,1,1,1,1,1,1,1,1,1,0,0,1,1,1,1,1,1,0
1770755096.5967758,hold_return,0.9672480821609497,13.523382362127304,13.56,1,1,1,1,1,1,1,1,1,1,1,0,0,1,1,1,1,1,1,0
1770755096.6214678,hold_return,0.9665210843086243,13.502481173872948,13.56,1,1,1,1,1,1,1,1,1,1,1,0,0,1,1,1,1,1,1,0
1770755096.6464143,hold_return,0.9665753841400146,13.504042294025421,13.56,1,1,1,1,1,1,1,1,1,1,1,0,0,1,1,1,1,1,1,0
1770755096.6712358,hold_return,0.9664421081542969,13.500210609436035,13.56,1,1,1,1,1,1,1,1,1,1,1,0,0,1,1,1,1,1,1,0
1770755096.7306728,hold_return,0.9670715928077698,13.518308293223381,13.56,1,1,1,1,1,1,1,1,1,1,1,0,0,1,1,1,1,1,1,0
1770755096.7551842,hold_return,0.966530978679657,13.502765637040138,13.56,1,1,1,1,1,1,1,1,1,1,1,0,0,1,1,1,1,1,1,0
1770755096.7797124,hold_return,0.967575192451477,13.532786782979965,13.56,1,1,1,1,1,1,1,1,1,1,1,0,0,1,1,1,1,1,1,0
1770755096.8040793,hold_return,0.9676973819732666,13.536299731731415,13.56,1,1,1,1,1,1,1,1,1,1,1,0,0,1,1,1,1,1,1,0
1770755096.8284204,hold_return,0.9665852785110474,13.504326757192612,13.56,1,1,1,1,1,1,1,1,1,1,1,0,0,1,1,1,1,1,1,0
1770755096.852881,hold_return,0.9666198492050171,13.505320664644241,13.56,1,1,1,1,1,1,1,1,1,1,1,0,0,1,1,1,1,1,1,0
1770755096.8777723,hold_return,0.9673826694488525,13.52725174665451,13.56,1,1,1,1,1,1,1,1,1,1,1,0,0,1,1,1,1,1,1,0
1770755096.922812,hold_return,0.9660816788673401,13.489848267436027,13.56,1,1,1,1,1,1,1,1,1,1,1,0,0,1,1,1,1,1,1,0
1770755096.9478178,hold_return,0.9666482210159302,13.506136354207992,13.56,1,1,1,1,1,1,1,1,1,1,1,0,0,1,1,1,1,1,1,0
1770755096.9724405,hold_return,0.9675381779670715,13.531722616553306,13.56,1,1,1,1,1,1,1,1,1,1,1,0,0,1,1,1,1,1,1,0
1770755096.997003,hold_return,0.9675998687744141,13.533496227264404,13.56,1,1,1,1,1,1,1,1,1,1,1,0,0,1,1,1,1,1,1,0
1770755097.021418,hold_return,0.9666432738304138,13.505994122624397,13.56,1,1,1,1,1,1,1,1,1,1,1,0,0,1,1,1,1,1,1,0
1770755097.0462837,hold_return,0.9658656716346741,13.48363805949688,13.56,1,1,1,1,1,1,1,1,1,1,1,0,0,1,1,1,1,1,1,0
1770755097.0707576,hold_return,0.9671764969825745,13.521324288249016,13.56,1,1,1,1,1,1,1,1,1,1,1,0,0,1,1,1,1,1,1,0
1770755097.0956614,hold_return,0.9672666192054749,13.523915302157402,13.56,1,1,1,1,1,1,1,1,1,1,1,0,0,1,1,1,1,1,1,0
1770755097.1464155,hold_return,0.9668086767196655,13.510749455690384,13.56,1,1,1,1,1,1,1,1,1,1,1,0,0,1,1,1,1,1,1,0
1770755097.1708686,hold_return,0.9673505425453186,13.52632809817791,13.56,1,1,1,1,1,1,1,1,1,1,1,0,0,1,1,1,1,1,1,0
1770755097.195829,hold_return,0.9678949117660522,13.541978713274002,13.56,1,1,1,1,1,1,1,1,1,1,1,0,0,1,1,1,1,1,1,0
1770755097.2209053,hold_return,0.9667260050773621,13.508372645974159,13.56,1,1,1,1,1,1,1,1,1,1,1,0,0,1,1,1,1,1,1,0
1770755097.245812,hold_return,0.9657792448997498,13.481153290867805,13.56,1,1,1,1,1,1,1,1,1,1,1,0,0,1,1,1,1,1,1,0
1770755097.2705908,hold_return,0.9675554633140564,13.532219570279121,13.56,1,1,1,1,1,1,1,1,1,1,1,0,0,1,1,1,1,1,1,0
1770755097.2949026,hold_return,0.9673258662223816,13.52561865389347,13.56,1,1,1,1,1,1,1,1,1,1,1,0,0,1,1,1,1,1,1,0
1770755097.3194108,hold_return,0.9661890864372253,13.492936235070228,13.56,1,1,1,1,1,1,1,1,1,1,1,0,0,1,1,1,1,1,1,0
1770755097.3703592,hold_return,0.9667297005653381,13.508478891253471,13.56,1,1,1,1,1,1,1,1,1,1,1,0,0,1,1,1,1,1,1,0
1770755097.3950014,hold_return,0.9677973985671997,13.539175208806991,13.56,1,1,1,1,1,1,1,1,1,1,1,0,0,1,1,1,1,1,1,0
1770755097.4197614,hold_return,0.9666790962219238,13.50702401638031,13.56,1,1,1,1,1,1,1,1,1,1,1,0,0,1,1,1,1,1,1,0
1770755097.4443789,hold_return,0.9657731056213379,13.480976786613464,13.56,1,1,1,1,1,1,1,1,1,1,1,0,0,1,1,1,1,1,1,0
1770755097.4691315,hold_return,0.967631995677948,13.534419875741005,13.56,1,1,1,1,1,1,1,1,1,1,1,0,0,1,1,1,1,1,1,0
1770755097.493899,hold_return,0.9676467776298523,13.534844856858253,13.56,1,1,1,1,1,1,1,1,1,1,1,0,0,1,1,1,1,1,1,0
1770755097.518125,hold_return,0.9663593769073486,13.497832086086273,13.56,1,1,1,1,1,1,1,1,1,1,1,0,0,1,1,1,1,1,1,0
1770755097.542756,hold_return,0.9666149020195007,13.505178433060646,13.56,1,1,1,1,1,1,1,1,1,1,1,0,0,1,1,1,1,1,1,0
1770755097.5939627,hold_return,0.9677109718322754,13.536690440177917,13.56,1,1,1,1,1,1,1,1,1,1,1,0,0,1,1,1,1,1,1,0
1770755097.6186736,hold_return,0.9666679501533508,13.506703566908836,13.56,1,1,1,1,1,1,1,1,1,1,1,0,0,1,1,1,1,1,1,0
1770755097.642855,hold_return,0.9663445949554443,13.497407104969025,13.56,1,1,1,1,1,1,1,1,1,1,1,0,0,1,1,1,1,1,1,0
1770755097.66737,hold_return,0.9677245616912842,13.53708114862442,13.56,1,1,1,1,1,1,1,1,1,1,1,0,0,1,1,1,1,1,1,0
